<DescargaMasiva>
  <Descarga totalMb="25.86 GB" aut="73e0d04c-54a0-48dc-b53d-d27ef212813b" />
  <Archivos>
    <Archivo>https://www.inegi.org.mx/contenidos/masiva/denue/2017_03/denue_00_93_0317_csv.zip</Archivo>
    <Archivo>https://www.inegi.org.mx/contenidos/masiva/denue/2017_03/denue_00_93_0317_shp.zip</Archivo>
    <Archivo>https://www.inegi.org.mx/contenidos/masiva/denue/2015/denue_93_25022015_csv.zip</Archivo>
    <Archivo>https://www.inegi.org.mx/contenidos/masiva/denue/2015/denue_93_25022015_shp.zip</Archivo>
    <Archivo>https://www.inegi.org.mx/contenidos/masiva/denue/2017_03/denue_00_11_0317_csv.zip</Archivo>
    <Archivo>https://www.inegi.org.mx/contenidos/masiva/denue/2017_03/denue_00_11_0317_shp.zip</Archivo>
    <Archivo>https://www.inegi.org.mx/contenidos/masiva/denue/2015/denue_00_11_25022015_csv.zip</Archivo>
    <Archivo>https://www.inegi.org.mx/contenidos/masiva/denue/2015/denue_00_11_25022015_shp.zip</Archivo>
    <Archivo>https://www.inegi.org.mx/contenidos/masiva/denue/2017_03/denue_00_43_0317_csv.zip</Archivo>
    <Archivo>https://www.inegi.org.mx/contenidos/masiva/denue/2017_03/denue_00_43_0317_shp.zip</Archivo>
    <Archivo>https://www.inegi.org.mx/contenidos/masiva/denue/2015/denue_43_25022015_csv.zip</Archivo>
    <Archivo>https://www.inegi.org.mx/contenidos/masiva/denue/2015/denue_43_25022015_shp.zip</Archivo>
    <Archivo>https://www.inegi.org.mx/contenidos/masiva/denue/2017_03/denue_00_46111_0317_csv.zip</Archivo>
    <Archivo>https://www.inegi.org.mx/contenidos/masiva/denue/2017_03/denue_00_46111_0317_shp.zip</Archivo>
    <Archivo>https://www.inegi.org.mx/contenidos/masiva/denue/2015/denue_46111_25022015_csv.zip</Archivo>
    <Archivo>https://www.inegi.org.mx/contenidos/masiva/denue/2015/denue_46111_25022015_shp.zip</Archivo>
    <Archivo>https://www.inegi.org.mx/contenidos/masiva/denue/2017_03/denue_00_23_0317_csv.zip</Archivo>
    <Archivo>https://www.inegi.org.mx/contenidos/masiva/denue/2017_03/denue_00_23_0317_shp.zip</Archivo>
    <Archivo>https://www.inegi.org.mx/contenidos/masiva/denue/2015/denue_00_23_25022015_csv.zip</Archivo>
    <Archivo>https://www.inegi.org.mx/contenidos/masiva/denue/2015/denue_00_23_25022015_shp.zip</Archivo>
    <Archivo>https://www.inegi.org.mx/contenidos/masiva/denue/2017_03/denue_00_55_0317_csv.zip</Archivo>
    <Archivo>https://www.inegi.org.mx/contenidos/masiva/denue/2017_03/denue_00_55_0317_shp.zip</Archivo>
    <Archivo>https://www.inegi.org.mx/contenidos/masiva/denue/2015/denue_55_25022015_csv.zip</Archivo>
    <Archivo>https://www.inegi.org.mx/contenidos/masiva/denue/2015/denue_55_25022015_shp.zip</Archivo>
    <Archivo>https://www.inegi.org.mx/contenidos/masiva/denue/2017_03/denue_00_22_0317_csv.zip</Archivo>
    <Archivo>https://www.inegi.org.mx/contenidos/masiva/denue/2017_03/denue_00_22_0317_shp.zip</Archivo>
    <Archivo>https://www.inegi.org.mx/contenidos/masiva/denue/2015/denue_00_22_25022015_csv.zip</Archivo>
    <Archivo>https://www.inegi.org.mx/contenidos/masiva/denue/2015/denue_00_22_25022015_shp.zip</Archivo>
    <Archivo>https://www.inegi.org.mx/contenidos/masiva/denue/2017_03/denue_00_31-33_0317_csv.zip</Archivo>
    <Archivo>https://www.inegi.org.mx/contenidos/masiva/denue/2017_03/denue_00_31-33_0317_shp.zip</Archivo>
    <Archivo>https://www.inegi.org.mx/contenidos/masiva/denue/2015/denue_31-33_25022015_csv.zip</Archivo>
    <Archivo>https://www.inegi.org.mx/contenidos/masiva/denue/2015/denue_31-33_25022015_shp.zip</Archivo>
    <Archivo>https://www.inegi.org.mx/contenidos/masiva/denue/2017_03/denue_00_51_0317_csv.zip</Archivo>
    <Archivo>https://www.inegi.org.mx/contenidos/masiva/denue/2017_03/denue_00_51_0317_shp.zip</Archivo>
    <Archivo>https://www.inegi.org.mx/contenidos/masiva/denue/2015/denue_51_25022015_csv.zip</Archivo>
    <Archivo>https://www.inegi.org.mx/contenidos/masiva/denue/2015/denue_51_25022015_shp.zip</Archivo>
    <Archivo>https://www.inegi.org.mx/contenidos/masiva/denue/2017_03/denue_00_21_0317_csv.zip</Archivo>
    <Archivo>https://www.inegi.org.mx/contenidos/masiva/denue/2017_03/denue_00_21_0317_shp.zip</Archivo>
    <Archivo>https://www.inegi.org.mx/contenidos/masiva/denue/2015/denue_00_21_25022015_csv.zip</Archivo>
    <Archivo>https://www.inegi.org.mx/contenidos/masiva/denue/2015/denue_00_21_25022015_shp.zip</Archivo>
    <Archivo>https://www.inegi.org.mx/contenidos/masiva/denue/2017_03/denue_00_81_0317_csv.zip</Archivo>
    <Archivo>https://www.inegi.org.mx/contenidos/masiva/denue/2017_03/denue_00_81_0317_shp.zip</Archivo>
    <Archivo>https://www.inegi.org.mx/contenidos/masiva/denue/2015/denue_81_25022015_csv.zip</Archivo>
    <Archivo>https://www.inegi.org.mx/contenidos/masiva/denue/2015/denue_81_25022015_shp.zip</Archivo>
    <Archivo>https://www.inegi.org.mx/contenidos/masiva/denue/2017_03/denue_00_72_0317_csv.zip</Archivo>
    <Archivo>https://www.inegi.org.mx/contenidos/masiva/denue/2017_03/denue_00_72_0317_shp.zip</Archivo>
    <Archivo>https://www.inegi.org.mx/contenidos/masiva/denue/2015/denue_72_25022015_csv.zip</Archivo>
    <Archivo>https://www.inegi.org.mx/contenidos/masiva/denue/2015/denue_72_25022015_shp.zip</Archivo>
    <Archivo>https://www.inegi.org.mx/contenidos/masiva/denue/2017_03/denue_00_56_0317_csv.zip</Archivo>
    <Archivo>https://www.inegi.org.mx/contenidos/masiva/denue/2017_03/denue_00_56_0317_shp.zip</Archivo>
    <Archivo>https://www.inegi.org.mx/contenidos/masiva/denue/2015/denue_56_25022015_csv.zip</Archivo>
    <Archivo>https://www.inegi.org.mx/contenidos/masiva/denue/2015/denue_56_25022015_shp.zip</Archivo>
    <Archivo>https://www.inegi.org.mx/contenidos/masiva/denue/2017_03/denue_00_71_0317_csv.zip</Archivo>
    <Archivo>https://www.inegi.org.mx/contenidos/masiva/denue/2017_03/denue_00_71_0317_shp.zip</Archivo>
    <Archivo>https://www.inegi.org.mx/contenidos/masiva/denue/2015/denue_71_25022015_csv.zip</Archivo>
    <Archivo>https://www.inegi.org.mx/contenidos/masiva/denue/2015/denue_71_25022015_shp.zip</Archivo>
    <Archivo>https://www.inegi.org.mx/contenidos/masiva/denue/2017_03/denue_00_62_0317_csv.zip</Archivo>
    <Archivo>https://www.inegi.org.mx/contenidos/masiva/denue/2017_03/denue_00_62_0317_shp.zip</Archivo>
    <Archivo>https://www.inegi.org.mx/contenidos/masiva/denue/2015/denue_62_25022015_csv.zip</Archivo>
    <Archivo>https://www.inegi.org.mx/contenidos/masiva/denue/2015/denue_62_25022015_shp.zip</Archivo>
    <Archivo>https://www.inegi.org.mx/contenidos/masiva/denue/2017_03/denue_00_61_0317_csv.zip</Archivo>
    <Archivo>https://www.inegi.org.mx/contenidos/masiva/denue/2017_03/denue_00_61_0317_shp.zip</Archivo>
    <Archivo>https://www.inegi.org.mx/contenidos/masiva/denue/2015/denue_61_25022015_csv.zip</Archivo>
    <Archivo>https://www.inegi.org.mx/contenidos/masiva/denue/2015/denue_61_25022015_shp.zip</Archivo>
    <Archivo>https://www.inegi.org.mx/contenidos/masiva/denue/2017_03/denue_00_52_0317_csv.zip</Archivo>
    <Archivo>https://www.inegi.org.mx/contenidos/masiva/denue/2017_03/denue_00_52_0317_shp.zip</Archivo>
    <Archivo>https://www.inegi.org.mx/contenidos/masiva/denue/2015/denue_52_25022015_csv.zip</Archivo>
    <Archivo>https://www.inegi.org.mx/contenidos/masiva/denue/2015/denue_52_25022015_shp.zip</Archivo>
    <Archivo>https://www.inegi.org.mx/contenidos/masiva/denue/2017_03/denue_00_53_0317_csv.zip</Archivo>
    <Archivo>https://www.inegi.org.mx/contenidos/masiva/denue/2017_03/denue_00_53_0317_shp.zip</Archivo>
    <Archivo>https://www.inegi.org.mx/contenidos/masiva/denue/2015/denue_53_25022015_csv.zip</Archivo>
    <Archivo>https://www.inegi.org.mx/contenidos/masiva/denue/2015/denue_53_25022015_shp.zip</Archivo>
    <Archivo>https://www.inegi.org.mx/contenidos/masiva/denue/2017_03/denue_00_54_0317_csv.zip</Archivo>
    <Archivo>https://www.inegi.org.mx/contenidos/masiva/denue/2017_03/denue_00_54_0317_shp.zip</Archivo>
    <Archivo>https://www.inegi.org.mx/contenidos/masiva/denue/2015/denue_54_25022015_csv.zip</Archivo>
    <Archivo>https://www.inegi.org.mx/contenidos/masiva/denue/2015/denue_54_25022015_shp.zip</Archivo>
    <Archivo>https://www.inegi.org.mx/contenidos/masiva/denue/2017_03/denue_00_48-49_0317_csv.zip</Archivo>
    <Archivo>https://www.inegi.org.mx/contenidos/masiva/denue/2017_03/denue_00_48-49_0317_shp.zip</Archivo>
    <Archivo>https://www.inegi.org.mx/contenidos/masiva/denue/2015/denue_48-49_25022015_csv.zip</Archivo>
    <Archivo>https://www.inegi.org.mx/contenidos/masiva/denue/2015/denue_48-49_25022015_shp.zip</Archivo>
    <Archivo>https://www.inegi.org.mx/contenidos/masiva/denue/denue_diccionario_de_datos.pdf</Archivo>
    <Archivo>https://www.inegi.org.mx/contenidos/masiva/denue/denue_mdm_pmd.zip</Archivo>
    <Archivo>https://www.inegi.org.mx/contenidos/masiva/denue/2017_03/denue_00_46112-46311_0317_csv.zip</Archivo>
    <Archivo>https://www.inegi.org.mx/contenidos/masiva/denue/2017_03/denue_00_46112-46311_0317_shp.zip</Archivo>
    <Archivo>https://www.inegi.org.mx/contenidos/masiva/denue/2017_03/denue_00_46321-46531_0317_csv.zip</Archivo>
    <Archivo>https://www.inegi.org.mx/contenidos/masiva/denue/2017_03/denue_00_46321-46531_0317_shp.zip</Archivo>
    <Archivo>https://www.inegi.org.mx/contenidos/masiva/denue/2017_03/denue_00_46591-46911_0317_csv.zip</Archivo>
    <Archivo>https://www.inegi.org.mx/contenidos/masiva/denue/2017_03/denue_00_46591-46911_0317_shp.zip</Archivo>
    <Archivo>https://www.inegi.org.mx/contenidos/masiva/denue/2015/denue_46112-46311_25022015_csv.zip</Archivo>
    <Archivo>https://www.inegi.org.mx/contenidos/masiva/denue/2015/denue_46112-46311_25022015_shp.zip</Archivo>
    <Archivo>https://www.inegi.org.mx/contenidos/masiva/denue/2015/denue_46321-46531_25022015_csv.zip</Archivo>
    <Archivo>https://www.inegi.org.mx/contenidos/masiva/denue/2015/denue_46321-46531_25022015_shp.zip</Archivo>
    <Archivo>https://www.inegi.org.mx/contenidos/masiva/denue/2015/denue_46591-46911_25022015_csv.zip</Archivo>
    <Archivo>https://www.inegi.org.mx/contenidos/masiva/denue/2015/denue_46591-46911_25022015_shp.zip</Archivo>
    <Archivo>https://www.inegi.org.mx/contenidos/masiva/denue/2016_01/denue_00_93_0116_csv.zip</Archivo>
    <Archivo>https://www.inegi.org.mx/contenidos/masiva/denue/2016_01/denue_00_93_0116_shp.zip</Archivo>
    <Archivo>https://www.inegi.org.mx/contenidos/masiva/denue/2016_01/denue_00_11_0116_csv.zip</Archivo>
    <Archivo>https://www.inegi.org.mx/contenidos/masiva/denue/2016_01/denue_00_11_0116_shp.zip</Archivo>
    <Archivo>https://www.inegi.org.mx/contenidos/masiva/denue/2016_01/denue_00_43_0116_csv.zip</Archivo>
    <Archivo>https://www.inegi.org.mx/contenidos/masiva/denue/2016_01/denue_00_43_0116_shp.zip</Archivo>
    <Archivo>https://www.inegi.org.mx/contenidos/masiva/denue/2016_01/denue_00_46111_0116_csv.zip</Archivo>
    <Archivo>https://www.inegi.org.mx/contenidos/masiva/denue/2016_01/denue_00_46111_0116_shp.zip</Archivo>
    <Archivo>https://www.inegi.org.mx/contenidos/masiva/denue/2016_01/denue_00_23_0116_csv.zip</Archivo>
    <Archivo>https://www.inegi.org.mx/contenidos/masiva/denue/2016_01/denue_00_23_0116_shp.zip</Archivo>
    <Archivo>https://www.inegi.org.mx/contenidos/masiva/denue/2016_01/denue_00_55_0116_csv.zip</Archivo>
    <Archivo>https://www.inegi.org.mx/contenidos/masiva/denue/2016_01/denue_00_55_0116_shp.zip</Archivo>
    <Archivo>https://www.inegi.org.mx/contenidos/masiva/denue/2016_01/denue_00_22_0116_csv.zip</Archivo>
    <Archivo>https://www.inegi.org.mx/contenidos/masiva/denue/2016_01/denue_00_22_0116_shp.zip</Archivo>
    <Archivo>https://www.inegi.org.mx/contenidos/masiva/denue/2016_01/denue_00_31-33_0116_csv.zip</Archivo>
    <Archivo>https://www.inegi.org.mx/contenidos/masiva/denue/2016_01/denue_00_31-33_0116_shp.zip</Archivo>
    <Archivo>https://www.inegi.org.mx/contenidos/masiva/denue/2016_01/denue_00_51_0116_csv.zip</Archivo>
    <Archivo>https://www.inegi.org.mx/contenidos/masiva/denue/2016_01/denue_00_51_0116_shp.zip</Archivo>
    <Archivo>https://www.inegi.org.mx/contenidos/masiva/denue/2016_01/denue_00_21_0116_csv.zip</Archivo>
    <Archivo>https://www.inegi.org.mx/contenidos/masiva/denue/2016_01/denue_00_21_0116_shp.zip</Archivo>
    <Archivo>https://www.inegi.org.mx/contenidos/masiva/denue/2016_01/denue_00_81_0116_csv.zip</Archivo>
    <Archivo>https://www.inegi.org.mx/contenidos/masiva/denue/2016_01/denue_00_81_0116_shp.zip</Archivo>
    <Archivo>https://www.inegi.org.mx/contenidos/masiva/denue/2016_01/denue_00_72_0116_csv.zip</Archivo>
    <Archivo>https://www.inegi.org.mx/contenidos/masiva/denue/2016_01/denue_00_72_0116_shp.zip</Archivo>
    <Archivo>https://www.inegi.org.mx/contenidos/masiva/denue/2016_01/denue_00_56_0116_csv.zip</Archivo>
    <Archivo>https://www.inegi.org.mx/contenidos/masiva/denue/2016_01/denue_00_56_0116_shp.zip</Archivo>
    <Archivo>https://www.inegi.org.mx/contenidos/masiva/denue/2016_01/denue_00_71_0116_csv.zip</Archivo>
    <Archivo>https://www.inegi.org.mx/contenidos/masiva/denue/2016_01/denue_00_71_0116_shp.zip</Archivo>
    <Archivo>https://www.inegi.org.mx/contenidos/masiva/denue/2016_01/denue_00_62_0116_csv.zip</Archivo>
    <Archivo>https://www.inegi.org.mx/contenidos/masiva/denue/2016_01/denue_00_62_0116_shp.zip</Archivo>
    <Archivo>https://www.inegi.org.mx/contenidos/masiva/denue/2016_01/denue_00_61_0116_csv.zip</Archivo>
    <Archivo>https://www.inegi.org.mx/contenidos/masiva/denue/2016_01/denue_00_61_0116_shp.zip</Archivo>
    <Archivo>https://www.inegi.org.mx/contenidos/masiva/denue/2016_01/denue_00_52_0116_csv.zip</Archivo>
    <Archivo>https://www.inegi.org.mx/contenidos/masiva/denue/2016_01/denue_00_52_0116_shp.zip</Archivo>
    <Archivo>https://www.inegi.org.mx/contenidos/masiva/denue/2016_01/denue_00_53_0116_csv.zip</Archivo>
    <Archivo>https://www.inegi.org.mx/contenidos/masiva/denue/2016_01/denue_00_53_0116_shp.zip</Archivo>
    <Archivo>https://www.inegi.org.mx/contenidos/masiva/denue/2016_01/denue_00_54_0116_csv.zip</Archivo>
    <Archivo>https://www.inegi.org.mx/contenidos/masiva/denue/2016_01/denue_00_54_0116_shp.zip</Archivo>
    <Archivo>https://www.inegi.org.mx/contenidos/masiva/denue/2016_01/denue_00_48-49_0116_csv.zip</Archivo>
    <Archivo>https://www.inegi.org.mx/contenidos/masiva/denue/2016_01/denue_00_48-49_0116_shp.zip</Archivo>
    <Archivo>https://www.inegi.org.mx/contenidos/masiva/denue/2016_01/denue_00_46112-46311_0116_csv.zip</Archivo>
    <Archivo>https://www.inegi.org.mx/contenidos/masiva/denue/2016_01/denue_00_46112-46311_0116_shp.zip</Archivo>
    <Archivo>https://www.inegi.org.mx/contenidos/masiva/denue/2016_01/denue_00_46321-46531_0116_csv.zip</Archivo>
    <Archivo>https://www.inegi.org.mx/contenidos/masiva/denue/2016_01/denue_00_46321-46531_0116_shp.zip</Archivo>
    <Archivo>https://www.inegi.org.mx/contenidos/masiva/denue/2016_01/denue_00_46591-46911_0116_csv.zip</Archivo>
    <Archivo>https://www.inegi.org.mx/contenidos/masiva/denue/2016_01/denue_00_46591-46911_0116_shp.zip</Archivo>
    <Archivo>https://www.inegi.org.mx/contenidos/masiva/denue/2016_10/denue_00_93_1016_csv.zip</Archivo>
    <Archivo>https://www.inegi.org.mx/contenidos/masiva/denue/2016_10/denue_00_93_1016_shp.zip</Archivo>
    <Archivo>https://www.inegi.org.mx/contenidos/masiva/denue/2016_10/denue_00_11_1016_csv.zip</Archivo>
    <Archivo>https://www.inegi.org.mx/contenidos/masiva/denue/2016_10/denue_00_11_1016_shp.zip</Archivo>
    <Archivo>https://www.inegi.org.mx/contenidos/masiva/denue/2016_10/denue_00_43_1016_csv.zip</Archivo>
    <Archivo>https://www.inegi.org.mx/contenidos/masiva/denue/2016_10/denue_00_43_1016_shp.zip</Archivo>
    <Archivo>https://www.inegi.org.mx/contenidos/masiva/denue/2016_10/denue_00_46111_1016_csv.zip</Archivo>
    <Archivo>https://www.inegi.org.mx/contenidos/masiva/denue/2016_10/denue_00_46111_1016_shp.zip</Archivo>
    <Archivo>https://www.inegi.org.mx/contenidos/masiva/denue/2016_10/denue_00_23_1016_csv.zip</Archivo>
    <Archivo>https://www.inegi.org.mx/contenidos/masiva/denue/2016_10/denue_00_23_1016_shp.zip</Archivo>
    <Archivo>https://www.inegi.org.mx/contenidos/masiva/denue/2016_10/denue_00_55_1016_csv.zip</Archivo>
    <Archivo>https://www.inegi.org.mx/contenidos/masiva/denue/2016_10/denue_00_55_1016_shp.zip</Archivo>
    <Archivo>https://www.inegi.org.mx/contenidos/masiva/denue/2016_10/denue_00_22_1016_csv.zip</Archivo>
    <Archivo>https://www.inegi.org.mx/contenidos/masiva/denue/2016_10/denue_00_22_1016_shp.zip</Archivo>
    <Archivo>https://www.inegi.org.mx/contenidos/masiva/denue/2016_10/denue_00_31-33_1016_csv.zip</Archivo>
    <Archivo>https://www.inegi.org.mx/contenidos/masiva/denue/2016_10/denue_00_31-33_1016_shp.zip</Archivo>
    <Archivo>https://www.inegi.org.mx/contenidos/masiva/denue/2016_10/denue_00_51_1016_csv.zip</Archivo>
    <Archivo>https://www.inegi.org.mx/contenidos/masiva/denue/2016_10/denue_00_51_1016_shp.zip</Archivo>
    <Archivo>https://www.inegi.org.mx/contenidos/masiva/denue/2016_10/denue_00_21_1016_csv.zip</Archivo>
    <Archivo>https://www.inegi.org.mx/contenidos/masiva/denue/2016_10/denue_00_21_1016_shp.zip</Archivo>
    <Archivo>https://www.inegi.org.mx/contenidos/masiva/denue/2016_10/denue_00_81_1016_csv.zip</Archivo>
    <Archivo>https://www.inegi.org.mx/contenidos/masiva/denue/2016_10/denue_00_81_1016_shp.zip</Archivo>
    <Archivo>https://www.inegi.org.mx/contenidos/masiva/denue/2016_10/denue_00_72_1016_csv.zip</Archivo>
    <Archivo>https://www.inegi.org.mx/contenidos/masiva/denue/2016_10/denue_00_72_1016_shp.zip</Archivo>
    <Archivo>https://www.inegi.org.mx/contenidos/masiva/denue/2016_10/denue_00_56_1016_csv.zip</Archivo>
    <Archivo>https://www.inegi.org.mx/contenidos/masiva/denue/2016_10/denue_00_56_1016_shp.zip</Archivo>
    <Archivo>https://www.inegi.org.mx/contenidos/masiva/denue/2016_10/denue_00_71_1016_csv.zip</Archivo>
    <Archivo>https://www.inegi.org.mx/contenidos/masiva/denue/2016_10/denue_00_71_1016_shp.zip</Archivo>
    <Archivo>https://www.inegi.org.mx/contenidos/masiva/denue/2016_10/denue_00_62_1016_csv.zip</Archivo>
    <Archivo>https://www.inegi.org.mx/contenidos/masiva/denue/2016_10/denue_00_62_1016_shp.zip</Archivo>
    <Archivo>https://www.inegi.org.mx/contenidos/masiva/denue/2016_10/denue_00_61_1016_csv.zip</Archivo>
    <Archivo>https://www.inegi.org.mx/contenidos/masiva/denue/2016_10/denue_00_61_1016_shp.zip</Archivo>
    <Archivo>https://www.inegi.org.mx/contenidos/masiva/denue/2016_10/denue_00_52_1016_csv.zip</Archivo>
    <Archivo>https://www.inegi.org.mx/contenidos/masiva/denue/2016_10/denue_00_52_1016_shp.zip</Archivo>
    <Archivo>https://www.inegi.org.mx/contenidos/masiva/denue/2016_10/denue_00_53_1016_csv.zip</Archivo>
    <Archivo>https://www.inegi.org.mx/contenidos/masiva/denue/2016_10/denue_00_53_1016_shp.zip</Archivo>
    <Archivo>https://www.inegi.org.mx/contenidos/masiva/denue/2016_10/denue_00_54_1016_csv.zip</Archivo>
    <Archivo>https://www.inegi.org.mx/contenidos/masiva/denue/2016_10/denue_00_54_1016_shp.zip</Archivo>
    <Archivo>https://www.inegi.org.mx/contenidos/masiva/denue/2016_10/denue_00_48-49_1016_csv.zip</Archivo>
    <Archivo>https://www.inegi.org.mx/contenidos/masiva/denue/2016_10/denue_00_48-49_1016_shp.zip</Archivo>
    <Archivo>https://www.inegi.org.mx/contenidos/masiva/denue/2016_10/denue_00_46112-46311_1016_csv.zip</Archivo>
    <Archivo>https://www.inegi.org.mx/contenidos/masiva/denue/2016_10/denue_00_46112-46311_1016_shp.zip</Archivo>
    <Archivo>https://www.inegi.org.mx/contenidos/masiva/denue/2016_10/denue_00_46321-46531_1016_csv.zip</Archivo>
    <Archivo>https://www.inegi.org.mx/contenidos/masiva/denue/2016_10/denue_00_46321-46531_1016_shp.zip</Archivo>
    <Archivo>https://www.inegi.org.mx/contenidos/masiva/denue/2016_10/denue_00_46591-46911_1016_csv.zip</Archivo>
    <Archivo>https://www.inegi.org.mx/contenidos/masiva/denue/2016_10/denue_00_46591-46911_1016_shp.zip</Archivo>
    <Archivo>https://www.inegi.org.mx/contenidos/masiva/denue/2017_11/denue_00_23_1117_csv.zip</Archivo>
    <Archivo>https://www.inegi.org.mx/contenidos/masiva/denue/2017_11/denue_00_23_1117_shp.zip</Archivo>
    <Archivo>https://www.inegi.org.mx/contenidos/masiva/denue/2017_11/denue_00_93_1117_csv.zip</Archivo>
    <Archivo>https://www.inegi.org.mx/contenidos/masiva/denue/2017_11/denue_00_93_1117_shp.zip</Archivo>
    <Archivo>https://www.inegi.org.mx/contenidos/masiva/denue/2017_11/denue_00_11_1117_csv.zip</Archivo>
    <Archivo>https://www.inegi.org.mx/contenidos/masiva/denue/2017_11/denue_00_11_1117_shp.zip</Archivo>
    <Archivo>https://www.inegi.org.mx/contenidos/masiva/denue/2017_11/denue_00_43_1117_csv.zip</Archivo>
    <Archivo>https://www.inegi.org.mx/contenidos/masiva/denue/2017_11/denue_00_43_1117_shp.zip</Archivo>
    <Archivo>https://www.inegi.org.mx/contenidos/masiva/denue/2017_11/denue_00_46111_1117_csv.zip</Archivo>
    <Archivo>https://www.inegi.org.mx/contenidos/masiva/denue/2017_11/denue_00_46111_1117_shp.zip</Archivo>
    <Archivo>https://www.inegi.org.mx/contenidos/masiva/denue/2017_11/denue_00_46112-46311_1117_csv.zip</Archivo>
    <Archivo>https://www.inegi.org.mx/contenidos/masiva/denue/2017_11/denue_00_46112-46311_1117_shp.zip</Archivo>
    <Archivo>https://www.inegi.org.mx/contenidos/masiva/denue/2017_11/denue_00_46321-46531_1117_csv.zip</Archivo>
    <Archivo>https://www.inegi.org.mx/contenidos/masiva/denue/2017_11/denue_00_46321-46531_1117_shp.zip</Archivo>
    <Archivo>https://www.inegi.org.mx/contenidos/masiva/denue/2017_11/denue_00_46591-46911_1117_csv.zip</Archivo>
    <Archivo>https://www.inegi.org.mx/contenidos/masiva/denue/2017_11/denue_00_46591-46911_1117_shp.zip</Archivo>
    <Archivo>https://www.inegi.org.mx/contenidos/masiva/denue/2017_11/denue_00_55_1117_csv.zip</Archivo>
    <Archivo>https://www.inegi.org.mx/contenidos/masiva/denue/2017_11/denue_00_55_1117_shp.zip</Archivo>
    <Archivo>https://www.inegi.org.mx/contenidos/masiva/denue/2017_11/denue_00_51_1117_csv.zip</Archivo>
    <Archivo>https://www.inegi.org.mx/contenidos/masiva/denue/2017_11/denue_00_51_1117_shp.zip</Archivo>
    <Archivo>https://www.inegi.org.mx/contenidos/masiva/denue/2017_11/denue_00_21_1117_csv.zip</Archivo>
    <Archivo>https://www.inegi.org.mx/contenidos/masiva/denue/2017_11/denue_00_21_1117_shp.zip</Archivo>
    <Archivo>https://www.inegi.org.mx/contenidos/masiva/denue/2017_11/denue_00_31-33_1117_csv.zip</Archivo>
    <Archivo>https://www.inegi.org.mx/contenidos/masiva/denue/2017_11/denue_00_31-33_1117_shp.zip</Archivo>
    <Archivo>https://www.inegi.org.mx/contenidos/masiva/denue/2017_11/denue_00_22_1117_csv.zip</Archivo>
    <Archivo>https://www.inegi.org.mx/contenidos/masiva/denue/2017_11/denue_00_22_1117_shp.zip</Archivo>
    <Archivo>https://www.inegi.org.mx/contenidos/masiva/denue/2017_11/denue_00_81_1117_csv.zip</Archivo>
    <Archivo>https://www.inegi.org.mx/contenidos/masiva/denue/2017_11/denue_00_81_1117_shp.zip</Archivo>
    <Archivo>https://www.inegi.org.mx/contenidos/masiva/denue/2017_11/denue_00_72_1117_csv.zip</Archivo>
    <Archivo>https://www.inegi.org.mx/contenidos/masiva/denue/2017_11/denue_00_72_1117_shp.zip</Archivo>
    <Archivo>https://www.inegi.org.mx/contenidos/masiva/denue/2017_11/denue_00_56_1117_csv.zip</Archivo>
    <Archivo>https://www.inegi.org.mx/contenidos/masiva/denue/2017_11/denue_00_56_1117_shp.zip</Archivo>
    <Archivo>https://www.inegi.org.mx/contenidos/masiva/denue/2017_11/denue_00_71_1117_csv.zip</Archivo>
    <Archivo>https://www.inegi.org.mx/contenidos/masiva/denue/2017_11/denue_00_71_1117_shp.zip</Archivo>
    <Archivo>https://www.inegi.org.mx/contenidos/masiva/denue/2017_11/denue_00_62_1117_csv.zip</Archivo>
    <Archivo>https://www.inegi.org.mx/contenidos/masiva/denue/2017_11/denue_00_62_1117_shp.zip</Archivo>
    <Archivo>https://www.inegi.org.mx/contenidos/masiva/denue/2017_11/denue_00_61_1117_csv.zip</Archivo>
    <Archivo>https://www.inegi.org.mx/contenidos/masiva/denue/2017_11/denue_00_61_1117_shp.zip</Archivo>
    <Archivo>https://www.inegi.org.mx/contenidos/masiva/denue/2017_11/denue_00_52_1117_csv.zip</Archivo>
    <Archivo>https://www.inegi.org.mx/contenidos/masiva/denue/2017_11/denue_00_52_1117_shp.zip</Archivo>
    <Archivo>https://www.inegi.org.mx/contenidos/masiva/denue/2017_11/denue_00_53_1117_csv.zip</Archivo>
    <Archivo>https://www.inegi.org.mx/contenidos/masiva/denue/2017_11/denue_00_53_1117_shp.zip</Archivo>
    <Archivo>https://www.inegi.org.mx/contenidos/masiva/denue/2017_11/denue_00_54_1117_csv.zip</Archivo>
    <Archivo>https://www.inegi.org.mx/contenidos/masiva/denue/2017_11/denue_00_54_1117_shp.zip</Archivo>
    <Archivo>https://www.inegi.org.mx/contenidos/masiva/denue/2017_11/denue_00_48-49_1117_csv.zip</Archivo>
    <Archivo>https://www.inegi.org.mx/contenidos/masiva/denue/2017_11/denue_00_48-49_1117_shp.zip</Archivo>
    <Archivo>https://www.inegi.org.mx/contenidos/masiva/denue/2018_03/denue_00_23_0318_csv.zip</Archivo>
    <Archivo>https://www.inegi.org.mx/contenidos/masiva/denue/2018_03/denue_00_23_0318_shp.zip</Archivo>
    <Archivo>https://www.inegi.org.mx/contenidos/masiva/denue/2018_03/denue_00_93_0318_csv.zip</Archivo>
    <Archivo>https://www.inegi.org.mx/contenidos/masiva/denue/2018_03/denue_00_93_0318_shp.zip</Archivo>
    <Archivo>https://www.inegi.org.mx/contenidos/masiva/denue/2018_03/denue_00_11_0318_csv.zip</Archivo>
    <Archivo>https://www.inegi.org.mx/contenidos/masiva/denue/2018_03/denue_00_11_0318_shp.zip</Archivo>
    <Archivo>https://www.inegi.org.mx/contenidos/masiva/denue/2018_03/denue_00_43_0318_csv.zip</Archivo>
    <Archivo>https://www.inegi.org.mx/contenidos/masiva/denue/2018_03/denue_00_43_0318_shp.zip</Archivo>
    <Archivo>https://www.inegi.org.mx/contenidos/masiva/denue/2018_03/denue_00_46111_0318_csv.zip</Archivo>
    <Archivo>https://www.inegi.org.mx/contenidos/masiva/denue/2018_03/denue_00_46111_0318_shp.zip</Archivo>
    <Archivo>https://www.inegi.org.mx/contenidos/masiva/denue/2018_03/denue_00_46112-46311_0318_csv.zip</Archivo>
    <Archivo>https://www.inegi.org.mx/contenidos/masiva/denue/2018_03/denue_00_46112-46311_0318_shp.zip</Archivo>
    <Archivo>https://www.inegi.org.mx/contenidos/masiva/denue/2018_03/denue_00_46321-46531_0318_csv.zip</Archivo>
    <Archivo>https://www.inegi.org.mx/contenidos/masiva/denue/2018_03/denue_00_46321-46531_0318_shp.zip</Archivo>
    <Archivo>https://www.inegi.org.mx/contenidos/masiva/denue/2018_03/denue_00_46591-46911_0318_csv.zip</Archivo>
    <Archivo>https://www.inegi.org.mx/contenidos/masiva/denue/2018_03/denue_00_46591-46911_0318_shp.zip</Archivo>
    <Archivo>https://www.inegi.org.mx/contenidos/masiva/denue/2018_03/denue_00_55_0318_csv.zip</Archivo>
    <Archivo>https://www.inegi.org.mx/contenidos/masiva/denue/2018_03/denue_00_55_0318_shp.zip</Archivo>
    <Archivo>https://www.inegi.org.mx/contenidos/masiva/denue/2018_03/denue_00_51_0318_csv.zip</Archivo>
    <Archivo>https://www.inegi.org.mx/contenidos/masiva/denue/2018_03/denue_00_51_0318_shp.zip</Archivo>
    <Archivo>https://www.inegi.org.mx/contenidos/masiva/denue/2018_03/denue_00_21_0318_csv.zip</Archivo>
    <Archivo>https://www.inegi.org.mx/contenidos/masiva/denue/2018_03/denue_00_21_0318_shp.zip</Archivo>
    <Archivo>https://www.inegi.org.mx/contenidos/masiva/denue/2018_03/denue_00_31-33_0318_csv.zip</Archivo>
    <Archivo>https://www.inegi.org.mx/contenidos/masiva/denue/2018_03/denue_00_31-33_0318_shp.zip</Archivo>
    <Archivo>https://www.inegi.org.mx/contenidos/masiva/denue/2018_03/denue_00_22_0318_csv.zip</Archivo>
    <Archivo>https://www.inegi.org.mx/contenidos/masiva/denue/2018_03/denue_00_22_0318_shp.zip</Archivo>
    <Archivo>https://www.inegi.org.mx/contenidos/masiva/denue/2018_03/denue_00_81_0318_csv.zip</Archivo>
    <Archivo>https://www.inegi.org.mx/contenidos/masiva/denue/2018_03/denue_00_81_0318_shp.zip</Archivo>
    <Archivo>https://www.inegi.org.mx/contenidos/masiva/denue/2018_03/denue_00_72_0318_csv.zip</Archivo>
    <Archivo>https://www.inegi.org.mx/contenidos/masiva/denue/2018_03/denue_00_72_0318_shp.zip</Archivo>
    <Archivo>https://www.inegi.org.mx/contenidos/masiva/denue/2018_03/denue_00_56_0318_csv.zip</Archivo>
    <Archivo>https://www.inegi.org.mx/contenidos/masiva/denue/2018_03/denue_00_56_0318_shp.zip</Archivo>
    <Archivo>https://www.inegi.org.mx/contenidos/masiva/denue/2018_03/denue_00_71_0318_csv.zip</Archivo>
    <Archivo>https://www.inegi.org.mx/contenidos/masiva/denue/2018_03/denue_00_71_0318_shp.zip</Archivo>
    <Archivo>https://www.inegi.org.mx/contenidos/masiva/denue/2018_03/denue_00_62_0318_csv.zip</Archivo>
    <Archivo>https://www.inegi.org.mx/contenidos/masiva/denue/2018_03/denue_00_62_0318_shp.zip</Archivo>
    <Archivo>https://www.inegi.org.mx/contenidos/masiva/denue/2018_03/denue_00_61_0318_csv.zip</Archivo>
    <Archivo>https://www.inegi.org.mx/contenidos/masiva/denue/2018_03/denue_00_61_0318_shp.zip</Archivo>
    <Archivo>https://www.inegi.org.mx/contenidos/masiva/denue/2018_03/denue_00_52_0318_csv.zip</Archivo>
    <Archivo>https://www.inegi.org.mx/contenidos/masiva/denue/2018_03/denue_00_52_0318_shp.zip</Archivo>
    <Archivo>https://www.inegi.org.mx/contenidos/masiva/denue/2018_03/denue_00_53_0318_csv.zip</Archivo>
    <Archivo>https://www.inegi.org.mx/contenidos/masiva/denue/2018_03/denue_00_53_0318_shp.zip</Archivo>
    <Archivo>https://www.inegi.org.mx/contenidos/masiva/denue/2018_03/denue_00_54_0318_csv.zip</Archivo>
    <Archivo>https://www.inegi.org.mx/contenidos/masiva/denue/2018_03/denue_00_54_0318_shp.zip</Archivo>
    <Archivo>https://www.inegi.org.mx/contenidos/masiva/denue/2018_03/denue_00_48-49_0318_csv.zip</Archivo>
    <Archivo>https://www.inegi.org.mx/contenidos/masiva/denue/2018_03/denue_00_48-49_0318_shp.zip</Archivo>
    <Archivo>https://www.inegi.org.mx/contenidos/masiva/denue/2018_11/denue_00_23_1118_csv.zip</Archivo>
    <Archivo>https://www.inegi.org.mx/contenidos/masiva/denue/2018_11/denue_00_23_1118_shp.zip</Archivo>
    <Archivo>https://www.inegi.org.mx/contenidos/masiva/denue/2018_11/denue_00_93_1118_csv.zip</Archivo>
    <Archivo>https://www.inegi.org.mx/contenidos/masiva/denue/2018_11/denue_00_93_1118_shp.zip</Archivo>
    <Archivo>https://www.inegi.org.mx/contenidos/masiva/denue/2018_11/denue_00_11_1118_csv.zip</Archivo>
    <Archivo>https://www.inegi.org.mx/contenidos/masiva/denue/2018_11/denue_00_11_1118_shp.zip</Archivo>
    <Archivo>https://www.inegi.org.mx/contenidos/masiva/denue/2018_11/denue_00_43_1118_csv.zip</Archivo>
    <Archivo>https://www.inegi.org.mx/contenidos/masiva/denue/2018_11/denue_00_43_1118_shp.zip</Archivo>
    <Archivo>https://www.inegi.org.mx/contenidos/masiva/denue/2018_11/denue_00_46111_1118_csv.zip</Archivo>
    <Archivo>https://www.inegi.org.mx/contenidos/masiva/denue/2018_11/denue_00_46111_1118_shp.zip</Archivo>
    <Archivo>https://www.inegi.org.mx/contenidos/masiva/denue/2018_11/denue_00_46112-46311_1118_csv.zip</Archivo>
    <Archivo>https://www.inegi.org.mx/contenidos/masiva/denue/2018_11/denue_00_46112-46311_1118_shp.zip</Archivo>
    <Archivo>https://www.inegi.org.mx/contenidos/masiva/denue/2018_11/denue_00_46321-46531_1118_csv.zip</Archivo>
    <Archivo>https://www.inegi.org.mx/contenidos/masiva/denue/2018_11/denue_00_46321-46531_1118_shp.zip</Archivo>
    <Archivo>https://www.inegi.org.mx/contenidos/masiva/denue/2018_11/denue_00_46591-46911_1118_csv.zip</Archivo>
    <Archivo>https://www.inegi.org.mx/contenidos/masiva/denue/2018_11/denue_00_46591-46911_1118_shp.zip</Archivo>
    <Archivo>https://www.inegi.org.mx/contenidos/masiva/denue/2018_11/denue_00_55_1118_csv.zip</Archivo>
    <Archivo>https://www.inegi.org.mx/contenidos/masiva/denue/2018_11/denue_00_55_1118_shp.zip</Archivo>
    <Archivo>https://www.inegi.org.mx/contenidos/masiva/denue/2018_11/denue_00_51_1118_csv.zip</Archivo>
    <Archivo>https://www.inegi.org.mx/contenidos/masiva/denue/2018_11/denue_00_51_1118_shp.zip</Archivo>
    <Archivo>https://www.inegi.org.mx/contenidos/masiva/denue/2018_11/denue_00_21_1118_csv.zip</Archivo>
    <Archivo>https://www.inegi.org.mx/contenidos/masiva/denue/2018_11/denue_00_21_1118_shp.zip</Archivo>
    <Archivo>https://www.inegi.org.mx/contenidos/masiva/denue/2018_11/denue_00_31-33_1118_csv.zip</Archivo>
    <Archivo>https://www.inegi.org.mx/contenidos/masiva/denue/2018_11/denue_00_31-33_1118_shp.zip</Archivo>
    <Archivo>https://www.inegi.org.mx/contenidos/masiva/denue/2018_11/denue_00_22_1118_csv.zip</Archivo>
    <Archivo>https://www.inegi.org.mx/contenidos/masiva/denue/2018_11/denue_00_22_1118_shp.zip</Archivo>
    <Archivo>https://www.inegi.org.mx/contenidos/masiva/denue/2018_11/denue_00_81_1118_csv.zip</Archivo>
    <Archivo>https://www.inegi.org.mx/contenidos/masiva/denue/2018_11/denue_00_81_1118_shp.zip</Archivo>
    <Archivo>https://www.inegi.org.mx/contenidos/masiva/denue/2018_11/denue_00_72_1118_csv.zip</Archivo>
    <Archivo>https://www.inegi.org.mx/contenidos/masiva/denue/2018_11/denue_00_72_1118_shp.zip</Archivo>
    <Archivo>https://www.inegi.org.mx/contenidos/masiva/denue/2018_11/denue_00_56_1118_csv.zip</Archivo>
    <Archivo>https://www.inegi.org.mx/contenidos/masiva/denue/2018_11/denue_00_56_1118_shp.zip</Archivo>
    <Archivo>https://www.inegi.org.mx/contenidos/masiva/denue/2018_11/denue_00_71_1118_csv.zip</Archivo>
    <Archivo>https://www.inegi.org.mx/contenidos/masiva/denue/2018_11/denue_00_71_1118_shp.zip</Archivo>
    <Archivo>https://www.inegi.org.mx/contenidos/masiva/denue/2018_11/denue_00_62_1118_csv.zip</Archivo>
    <Archivo>https://www.inegi.org.mx/contenidos/masiva/denue/2018_11/denue_00_62_1118_shp.zip</Archivo>
    <Archivo>https://www.inegi.org.mx/contenidos/masiva/denue/2018_11/denue_00_61_1118_csv.zip</Archivo>
    <Archivo>https://www.inegi.org.mx/contenidos/masiva/denue/2018_11/denue_00_61_1118_shp.zip</Archivo>
    <Archivo>https://www.inegi.org.mx/contenidos/masiva/denue/2018_11/denue_00_52_1118_csv.zip</Archivo>
    <Archivo>https://www.inegi.org.mx/contenidos/masiva/denue/2018_11/denue_00_52_1118_shp.zip</Archivo>
    <Archivo>https://www.inegi.org.mx/contenidos/masiva/denue/2018_11/denue_00_53_1118_csv.zip</Archivo>
    <Archivo>https://www.inegi.org.mx/contenidos/masiva/denue/2018_11/denue_00_53_1118_shp.zip</Archivo>
    <Archivo>https://www.inegi.org.mx/contenidos/masiva/denue/2018_11/denue_00_54_1118_csv.zip</Archivo>
    <Archivo>https://www.inegi.org.mx/contenidos/masiva/denue/2018_11/denue_00_54_1118_shp.zip</Archivo>
    <Archivo>https://www.inegi.org.mx/contenidos/masiva/denue/2018_11/denue_00_48-49_1118_csv.zip</Archivo>
    <Archivo>https://www.inegi.org.mx/contenidos/masiva/denue/2018_11/denue_00_48-49_1118_shp.zip</Archivo>
    <Archivo>https://www.inegi.org.mx/contenidos/masiva/denue/2019_04/denue_00_23_0419_csv.zip</Archivo>
    <Archivo>https://www.inegi.org.mx/contenidos/masiva/denue/2019_04/denue_00_23_0419_shp.zip</Archivo>
    <Archivo>https://www.inegi.org.mx/contenidos/masiva/denue/2019_04/denue_00_93_0419_csv.zip</Archivo>
    <Archivo>https://www.inegi.org.mx/contenidos/masiva/denue/2019_04/denue_00_93_0419_shp.zip</Archivo>
    <Archivo>https://www.inegi.org.mx/contenidos/masiva/denue/2019_04/denue_00_11_0419_csv.zip</Archivo>
    <Archivo>https://www.inegi.org.mx/contenidos/masiva/denue/2019_04/denue_00_11_0419_shp.zip</Archivo>
    <Archivo>https://www.inegi.org.mx/contenidos/masiva/denue/2019_04/denue_00_43_0419_csv.zip</Archivo>
    <Archivo>https://www.inegi.org.mx/contenidos/masiva/denue/2019_04/denue_00_43_0419_shp.zip</Archivo>
    <Archivo>https://www.inegi.org.mx/contenidos/masiva/denue/2019_04/denue_00_46111_0419_csv.zip</Archivo>
    <Archivo>https://www.inegi.org.mx/contenidos/masiva/denue/2019_04/denue_00_46111_0419_shp.zip</Archivo>
    <Archivo>https://www.inegi.org.mx/contenidos/masiva/denue/2019_04/denue_00_46112-46311_0419_csv.zip</Archivo>
    <Archivo>https://www.inegi.org.mx/contenidos/masiva/denue/2019_04/denue_00_46112-46311_0419_shp.zip</Archivo>
    <Archivo>https://www.inegi.org.mx/contenidos/masiva/denue/2019_04/denue_00_46321-46531_0419_csv.zip</Archivo>
    <Archivo>https://www.inegi.org.mx/contenidos/masiva/denue/2019_04/denue_00_46321-46531_0419_shp.zip</Archivo>
    <Archivo>https://www.inegi.org.mx/contenidos/masiva/denue/2019_04/denue_00_46591-46911_0419_csv.zip</Archivo>
    <Archivo>https://www.inegi.org.mx/contenidos/masiva/denue/2019_04/denue_00_46591-46911_0419_shp.zip</Archivo>
    <Archivo>https://www.inegi.org.mx/contenidos/masiva/denue/2019_04/denue_00_55_0419_csv.zip</Archivo>
    <Archivo>https://www.inegi.org.mx/contenidos/masiva/denue/2019_04/denue_00_55_0419_shp.zip</Archivo>
    <Archivo>https://www.inegi.org.mx/contenidos/masiva/denue/2019_04/denue_00_51_0419_csv.zip</Archivo>
    <Archivo>https://www.inegi.org.mx/contenidos/masiva/denue/2019_04/denue_00_51_0419_shp.zip</Archivo>
    <Archivo>https://www.inegi.org.mx/contenidos/masiva/denue/2019_04/denue_00_21_0419_csv.zip</Archivo>
    <Archivo>https://www.inegi.org.mx/contenidos/masiva/denue/2019_04/denue_00_21_0419_shp.zip</Archivo>
    <Archivo>https://www.inegi.org.mx/contenidos/masiva/denue/2019_04/denue_00_31-33_0419_csv.zip</Archivo>
    <Archivo>https://www.inegi.org.mx/contenidos/masiva/denue/2019_04/denue_00_31-33_0419_shp.zip</Archivo>
    <Archivo>https://www.inegi.org.mx/contenidos/masiva/denue/2019_04/denue_00_22_0419_csv.zip</Archivo>
    <Archivo>https://www.inegi.org.mx/contenidos/masiva/denue/2019_04/denue_00_22_0419_shp.zip</Archivo>
    <Archivo>https://www.inegi.org.mx/contenidos/masiva/denue/2019_04/denue_00_81_0419_csv.zip</Archivo>
    <Archivo>https://www.inegi.org.mx/contenidos/masiva/denue/2019_04/denue_00_81_0419_shp.zip</Archivo>
    <Archivo>https://www.inegi.org.mx/contenidos/masiva/denue/2019_04/denue_00_72_0419_csv.zip</Archivo>
    <Archivo>https://www.inegi.org.mx/contenidos/masiva/denue/2019_04/denue_00_72_0419_shp.zip</Archivo>
    <Archivo>https://www.inegi.org.mx/contenidos/masiva/denue/2019_04/denue_00_56_0419_csv.zip</Archivo>
    <Archivo>https://www.inegi.org.mx/contenidos/masiva/denue/2019_04/denue_00_56_0419_shp.zip</Archivo>
    <Archivo>https://www.inegi.org.mx/contenidos/masiva/denue/2019_04/denue_00_71_0419_csv.zip</Archivo>
    <Archivo>https://www.inegi.org.mx/contenidos/masiva/denue/2019_04/denue_00_71_0419_shp.zip</Archivo>
    <Archivo>https://www.inegi.org.mx/contenidos/masiva/denue/2019_04/denue_00_62_0419_csv.zip</Archivo>
    <Archivo>https://www.inegi.org.mx/contenidos/masiva/denue/2019_04/denue_00_62_0419_shp.zip</Archivo>
    <Archivo>https://www.inegi.org.mx/contenidos/masiva/denue/2019_04/denue_00_61_0419_csv.zip</Archivo>
    <Archivo>https://www.inegi.org.mx/contenidos/masiva/denue/2019_04/denue_00_61_0419_shp.zip</Archivo>
    <Archivo>https://www.inegi.org.mx/contenidos/masiva/denue/2019_04/denue_00_52_0419_csv.zip</Archivo>
    <Archivo>https://www.inegi.org.mx/contenidos/masiva/denue/2019_04/denue_00_52_0419_shp.zip</Archivo>
    <Archivo>https://www.inegi.org.mx/contenidos/masiva/denue/2019_04/denue_00_53_0419_csv.zip</Archivo>
    <Archivo>https://www.inegi.org.mx/contenidos/masiva/denue/2019_04/denue_00_53_0419_shp.zip</Archivo>
    <Archivo>https://www.inegi.org.mx/contenidos/masiva/denue/2019_04/denue_00_54_0419_csv.zip</Archivo>
    <Archivo>https://www.inegi.org.mx/contenidos/masiva/denue/2019_04/denue_00_54_0419_shp.zip</Archivo>
    <Archivo>https://www.inegi.org.mx/contenidos/masiva/denue/2019_04/denue_00_48-49_0419_csv.zip</Archivo>
    <Archivo>https://www.inegi.org.mx/contenidos/masiva/denue/2019_04/denue_00_48-49_0419_shp.zip</Archivo>
    <Archivo>https://www.inegi.org.mx/contenidos/masiva/denue/2019_11/denue_00_23_1119_csv.zip</Archivo>
    <Archivo>https://www.inegi.org.mx/contenidos/masiva/denue/2019_11/denue_00_23_1119_shp.zip</Archivo>
    <Archivo>https://www.inegi.org.mx/contenidos/masiva/denue/2019_11/denue_00_93_1119_csv.zip</Archivo>
    <Archivo>https://www.inegi.org.mx/contenidos/masiva/denue/2019_11/denue_00_93_1119_shp.zip</Archivo>
    <Archivo>https://www.inegi.org.mx/contenidos/masiva/denue/2019_11/denue_00_11_1119_csv.zip</Archivo>
    <Archivo>https://www.inegi.org.mx/contenidos/masiva/denue/2019_11/denue_00_11_1119_shp.zip</Archivo>
    <Archivo>https://www.inegi.org.mx/contenidos/masiva/denue/2019_11/denue_00_43_1119_csv.zip</Archivo>
    <Archivo>https://www.inegi.org.mx/contenidos/masiva/denue/2019_11/denue_00_43_1119_shp.zip</Archivo>
    <Archivo>https://www.inegi.org.mx/contenidos/masiva/denue/2019_11/denue_00_46111_1119_csv.zip</Archivo>
    <Archivo>https://www.inegi.org.mx/contenidos/masiva/denue/2019_11/denue_00_46111_1119_shp.zip</Archivo>
    <Archivo>https://www.inegi.org.mx/contenidos/masiva/denue/2019_11/denue_00_46112-46311_1119_csv.zip</Archivo>
    <Archivo>https://www.inegi.org.mx/contenidos/masiva/denue/2019_11/denue_00_46112-46311_1119_shp.zip</Archivo>
    <Archivo>https://www.inegi.org.mx/contenidos/masiva/denue/2019_11/denue_00_46321-46531_1119_csv.zip</Archivo>
    <Archivo>https://www.inegi.org.mx/contenidos/masiva/denue/2019_11/denue_00_46321-46531_1119_shp.zip</Archivo>
    <Archivo>https://www.inegi.org.mx/contenidos/masiva/denue/2019_11/denue_00_46591-46911_1119_csv.zip</Archivo>
    <Archivo>https://www.inegi.org.mx/contenidos/masiva/denue/2019_11/denue_00_46591-46911_1119_shp.zip</Archivo>
    <Archivo>https://www.inegi.org.mx/contenidos/masiva/denue/2019_11/denue_00_55_1119_csv.zip</Archivo>
    <Archivo>https://www.inegi.org.mx/contenidos/masiva/denue/2019_11/denue_00_55_1119_shp.zip</Archivo>
    <Archivo>https://www.inegi.org.mx/contenidos/masiva/denue/2019_11/denue_00_51_1119_csv.zip</Archivo>
    <Archivo>https://www.inegi.org.mx/contenidos/masiva/denue/2019_11/denue_00_51_1119_shp.zip</Archivo>
    <Archivo>https://www.inegi.org.mx/contenidos/masiva/denue/2019_11/denue_00_21_1119_csv.zip</Archivo>
    <Archivo>https://www.inegi.org.mx/contenidos/masiva/denue/2019_11/denue_00_21_1119_shp.zip</Archivo>
    <Archivo>https://www.inegi.org.mx/contenidos/masiva/denue/2019_11/denue_00_31-33_1119_csv.zip</Archivo>
    <Archivo>https://www.inegi.org.mx/contenidos/masiva/denue/2019_11/denue_00_31-33_1119_shp.zip</Archivo>
    <Archivo>https://www.inegi.org.mx/contenidos/masiva/denue/2019_11/denue_00_22_1119_csv.zip</Archivo>
    <Archivo>https://www.inegi.org.mx/contenidos/masiva/denue/2019_11/denue_00_22_1119_shp.zip</Archivo>
    <Archivo>https://www.inegi.org.mx/contenidos/masiva/denue/2019_11/denue_00_81_1_1119_csv.zip</Archivo>
    <Archivo>https://www.inegi.org.mx/contenidos/masiva/denue/2019_11/denue_00_81_1_1119_shp.zip</Archivo>
    <Archivo>https://www.inegi.org.mx/contenidos/masiva/denue/2019_11/denue_00_72_1_1119_csv.zip</Archivo>
    <Archivo>https://www.inegi.org.mx/contenidos/masiva/denue/2019_11/denue_00_72_1_1119_shp.zip</Archivo>
    <Archivo>https://www.inegi.org.mx/contenidos/masiva/denue/2019_11/denue_00_56_1119_csv.zip</Archivo>
    <Archivo>https://www.inegi.org.mx/contenidos/masiva/denue/2019_11/denue_00_56_1119_shp.zip</Archivo>
    <Archivo>https://www.inegi.org.mx/contenidos/masiva/denue/2019_11/denue_00_71_1119_csv.zip</Archivo>
    <Archivo>https://www.inegi.org.mx/contenidos/masiva/denue/2019_11/denue_00_71_1119_shp.zip</Archivo>
    <Archivo>https://www.inegi.org.mx/contenidos/masiva/denue/2019_11/denue_00_62_1119_csv.zip</Archivo>
    <Archivo>https://www.inegi.org.mx/contenidos/masiva/denue/2019_11/denue_00_62_1119_shp.zip</Archivo>
    <Archivo>https://www.inegi.org.mx/contenidos/masiva/denue/2019_11/denue_00_61_1119_csv.zip</Archivo>
    <Archivo>https://www.inegi.org.mx/contenidos/masiva/denue/2019_11/denue_00_61_1119_shp.zip</Archivo>
    <Archivo>https://www.inegi.org.mx/contenidos/masiva/denue/2019_11/denue_00_52_1119_csv.zip</Archivo>
    <Archivo>https://www.inegi.org.mx/contenidos/masiva/denue/2019_11/denue_00_52_1119_shp.zip</Archivo>
    <Archivo>https://www.inegi.org.mx/contenidos/masiva/denue/2019_11/denue_00_53_1119_csv.zip</Archivo>
    <Archivo>https://www.inegi.org.mx/contenidos/masiva/denue/2019_11/denue_00_53_1119_shp.zip</Archivo>
    <Archivo>https://www.inegi.org.mx/contenidos/masiva/denue/2019_11/denue_00_54_1119_csv.zip</Archivo>
    <Archivo>https://www.inegi.org.mx/contenidos/masiva/denue/2019_11/denue_00_54_1119_shp.zip</Archivo>
    <Archivo>https://www.inegi.org.mx/contenidos/masiva/denue/2019_11/denue_00_48-49_1119_csv.zip</Archivo>
    <Archivo>https://www.inegi.org.mx/contenidos/masiva/denue/2019_11/denue_00_48-49_1119_shp.zip</Archivo>
    <Archivo>https://www.inegi.org.mx/contenidos/masiva/denue/2019_11/denue_00_81_2_1119_csv.zip</Archivo>
    <Archivo>https://www.inegi.org.mx/contenidos/masiva/denue/2019_11/denue_00_81_2_1119_shp.zip</Archivo>
    <Archivo>https://www.inegi.org.mx/contenidos/masiva/denue/2019_11/denue_00_72_2_1119_csv.zip</Archivo>
    <Archivo>https://www.inegi.org.mx/contenidos/masiva/denue/2019_11/denue_00_72_2_1119_shp.zip</Archivo>
    <Archivo>https://www.inegi.org.mx/contenidos/masiva/denue/2020_04/denue_00_23_0420_csv.zip</Archivo>
    <Archivo>https://www.inegi.org.mx/contenidos/masiva/denue/2020_04/denue_00_23_0420_shp.zip</Archivo>
    <Archivo>https://www.inegi.org.mx/contenidos/masiva/denue/2020_04/denue_00_93_0420_csv.zip</Archivo>
    <Archivo>https://www.inegi.org.mx/contenidos/masiva/denue/2020_04/denue_00_93_0420_shp.zip</Archivo>
    <Archivo>https://www.inegi.org.mx/contenidos/masiva/denue/2020_04/denue_00_11_0420_csv.zip</Archivo>
    <Archivo>https://www.inegi.org.mx/contenidos/masiva/denue/2020_04/denue_00_11_0420_shp.zip</Archivo>
    <Archivo>https://www.inegi.org.mx/contenidos/masiva/denue/2020_04/denue_00_43_0420_csv.zip</Archivo>
    <Archivo>https://www.inegi.org.mx/contenidos/masiva/denue/2020_04/denue_00_43_0420_shp.zip</Archivo>
    <Archivo>https://www.inegi.org.mx/contenidos/masiva/denue/2020_04/denue_00_46111_0420_csv.zip</Archivo>
    <Archivo>https://www.inegi.org.mx/contenidos/masiva/denue/2020_04/denue_00_46111_0420_shp.zip</Archivo>
    <Archivo>https://www.inegi.org.mx/contenidos/masiva/denue/2020_04/denue_00_46112-46311_0420_csv.zip</Archivo>
    <Archivo>https://www.inegi.org.mx/contenidos/masiva/denue/2020_04/denue_00_46112-46311_0420_shp.zip</Archivo>
    <Archivo>https://www.inegi.org.mx/contenidos/masiva/denue/2020_04/denue_00_46321-46531_0420_csv.zip</Archivo>
    <Archivo>https://www.inegi.org.mx/contenidos/masiva/denue/2020_04/denue_00_46321-46531_0420_shp.zip</Archivo>
    <Archivo>https://www.inegi.org.mx/contenidos/masiva/denue/2020_04/denue_00_46591-46911_0420_csv.zip</Archivo>
    <Archivo>https://www.inegi.org.mx/contenidos/masiva/denue/2020_04/denue_00_46591-46911_0420_shp.zip</Archivo>
    <Archivo>https://www.inegi.org.mx/contenidos/masiva/denue/2020_04/denue_00_55_0420_csv.zip</Archivo>
    <Archivo>https://www.inegi.org.mx/contenidos/masiva/denue/2020_04/denue_00_55_0420_shp.zip</Archivo>
    <Archivo>https://www.inegi.org.mx/contenidos/masiva/denue/2020_04/denue_00_51_0420_csv.zip</Archivo>
    <Archivo>https://www.inegi.org.mx/contenidos/masiva/denue/2020_04/denue_00_51_0420_shp.zip</Archivo>
    <Archivo>https://www.inegi.org.mx/contenidos/masiva/denue/2020_04/denue_00_21_0420_csv.zip</Archivo>
    <Archivo>https://www.inegi.org.mx/contenidos/masiva/denue/2020_04/denue_00_21_0420_shp.zip</Archivo>
    <Archivo>https://www.inegi.org.mx/contenidos/masiva/denue/2020_04/denue_00_31-33_0420_csv.zip</Archivo>
    <Archivo>https://www.inegi.org.mx/contenidos/masiva/denue/2020_04/denue_00_31-33_0420_shp.zip</Archivo>
    <Archivo>https://www.inegi.org.mx/contenidos/masiva/denue/2020_04/denue_00_22_0420_csv.zip</Archivo>
    <Archivo>https://www.inegi.org.mx/contenidos/masiva/denue/2020_04/denue_00_22_0420_shp.zip</Archivo>
    <Archivo>https://www.inegi.org.mx/contenidos/masiva/denue/2020_04/denue_00_81_1_0420_csv.zip</Archivo>
    <Archivo>https://www.inegi.org.mx/contenidos/masiva/denue/2020_04/denue_00_81_1_0420_shp.zip</Archivo>
    <Archivo>https://www.inegi.org.mx/contenidos/masiva/denue/2020_04/denue_00_81_2_0420_csv.zip</Archivo>
    <Archivo>https://www.inegi.org.mx/contenidos/masiva/denue/2020_04/denue_00_81_2_0420_shp.zip</Archivo>
    <Archivo>https://www.inegi.org.mx/contenidos/masiva/denue/2020_04/denue_00_72_1_0420_csv.zip</Archivo>
    <Archivo>https://www.inegi.org.mx/contenidos/masiva/denue/2020_04/denue_00_72_1_0420_shp.zip</Archivo>
    <Archivo>https://www.inegi.org.mx/contenidos/masiva/denue/2020_04/denue_00_72_2_0420_csv.zip</Archivo>
    <Archivo>https://www.inegi.org.mx/contenidos/masiva/denue/2020_04/denue_00_72_2_0420_shp.zip</Archivo>
    <Archivo>https://www.inegi.org.mx/contenidos/masiva/denue/2020_04/denue_00_56_0420_csv.zip</Archivo>
    <Archivo>https://www.inegi.org.mx/contenidos/masiva/denue/2020_04/denue_00_56_0420_shp.zip</Archivo>
    <Archivo>https://www.inegi.org.mx/contenidos/masiva/denue/2020_04/denue_00_71_0420_csv.zip</Archivo>
    <Archivo>https://www.inegi.org.mx/contenidos/masiva/denue/2020_04/denue_00_71_0420_shp.zip</Archivo>
    <Archivo>https://www.inegi.org.mx/contenidos/masiva/denue/2020_04/denue_00_62_0420_csv.zip</Archivo>
    <Archivo>https://www.inegi.org.mx/contenidos/masiva/denue/2020_04/denue_00_62_0420_shp.zip</Archivo>
    <Archivo>https://www.inegi.org.mx/contenidos/masiva/denue/2020_04/denue_00_61_0420_csv.zip</Archivo>
    <Archivo>https://www.inegi.org.mx/contenidos/masiva/denue/2020_04/denue_00_61_0420_shp.zip</Archivo>
    <Archivo>https://www.inegi.org.mx/contenidos/masiva/denue/2020_04/denue_00_52_0420_csv.zip</Archivo>
    <Archivo>https://www.inegi.org.mx/contenidos/masiva/denue/2020_04/denue_00_52_0420_shp.zip</Archivo>
    <Archivo>https://www.inegi.org.mx/contenidos/masiva/denue/2020_04/denue_00_53_0420_csv.zip</Archivo>
    <Archivo>https://www.inegi.org.mx/contenidos/masiva/denue/2020_04/denue_00_53_0420_shp.zip</Archivo>
    <Archivo>https://www.inegi.org.mx/contenidos/masiva/denue/2020_04/denue_00_54_0420_csv.zip</Archivo>
    <Archivo>https://www.inegi.org.mx/contenidos/masiva/denue/2020_04/denue_00_54_0420_shp.zip</Archivo>
    <Archivo>https://www.inegi.org.mx/contenidos/masiva/denue/2020_04/denue_00_48-49_0420_csv.zip</Archivo>
    <Archivo>https://www.inegi.org.mx/contenidos/masiva/denue/2020_04/denue_00_48-49_0420_shp.zip</Archivo>
    <Archivo>https://www.inegi.org.mx/contenidos/masiva/denue/2020_11/denue_00_23_1120_csv.zip</Archivo>
    <Archivo>https://www.inegi.org.mx/contenidos/masiva/denue/2020_11/denue_00_23_1120_shp.zip</Archivo>
    <Archivo>https://www.inegi.org.mx/contenidos/masiva/denue/2020_11/denue_00_93_1120_csv.zip</Archivo>
    <Archivo>https://www.inegi.org.mx/contenidos/masiva/denue/2020_11/denue_00_93_1120_shp.zip</Archivo>
    <Archivo>https://www.inegi.org.mx/contenidos/masiva/denue/2020_11/denue_00_11_1120_csv.zip</Archivo>
    <Archivo>https://www.inegi.org.mx/contenidos/masiva/denue/2020_11/denue_00_11_1120_shp.zip</Archivo>
    <Archivo>https://www.inegi.org.mx/contenidos/masiva/denue/2020_11/denue_00_43_1120_csv.zip</Archivo>
    <Archivo>https://www.inegi.org.mx/contenidos/masiva/denue/2020_11/denue_00_43_1120_shp.zip</Archivo>
    <Archivo>https://www.inegi.org.mx/contenidos/masiva/denue/2020_11/denue_00_46111_1120_csv.zip</Archivo>
    <Archivo>https://www.inegi.org.mx/contenidos/masiva/denue/2020_11/denue_00_46111_1120_shp.zip</Archivo>
    <Archivo>https://www.inegi.org.mx/contenidos/masiva/denue/2020_11/denue_00_46112-46311_1120_csv.zip</Archivo>
    <Archivo>https://www.inegi.org.mx/contenidos/masiva/denue/2020_11/denue_00_46112-46311_1120_shp.zip</Archivo>
    <Archivo>https://www.inegi.org.mx/contenidos/masiva/denue/2020_11/denue_00_46321-46531_1120_csv.zip</Archivo>
    <Archivo>https://www.inegi.org.mx/contenidos/masiva/denue/2020_11/denue_00_46321-46531_1120_shp.zip</Archivo>
    <Archivo>https://www.inegi.org.mx/contenidos/masiva/denue/2020_11/denue_00_46591-46911_1120_csv.zip</Archivo>
    <Archivo>https://www.inegi.org.mx/contenidos/masiva/denue/2020_11/denue_00_46591-46911_1120_shp.zip</Archivo>
    <Archivo>https://www.inegi.org.mx/contenidos/masiva/denue/2020_11/denue_00_55_1120_csv.zip</Archivo>
    <Archivo>https://www.inegi.org.mx/contenidos/masiva/denue/2020_11/denue_00_55_1120_shp.zip</Archivo>
    <Archivo>https://www.inegi.org.mx/contenidos/masiva/denue/2020_11/denue_00_51_1120_csv.zip</Archivo>
    <Archivo>https://www.inegi.org.mx/contenidos/masiva/denue/2020_11/denue_00_51_1120_shp.zip</Archivo>
    <Archivo>https://www.inegi.org.mx/contenidos/masiva/denue/2020_11/denue_00_21_1120_csv.zip</Archivo>
    <Archivo>https://www.inegi.org.mx/contenidos/masiva/denue/2020_11/denue_00_21_1120_shp.zip</Archivo>
    <Archivo>https://www.inegi.org.mx/contenidos/masiva/denue/2020_11/denue_00_31-33_1120_csv.zip</Archivo>
    <Archivo>https://www.inegi.org.mx/contenidos/masiva/denue/2020_11/denue_00_31-33_1120_shp.zip</Archivo>
    <Archivo>https://www.inegi.org.mx/contenidos/masiva/denue/2020_11/denue_00_22_1120_csv.zip</Archivo>
    <Archivo>https://www.inegi.org.mx/contenidos/masiva/denue/2020_11/denue_00_22_1120_shp.zip</Archivo>
    <Archivo>https://www.inegi.org.mx/contenidos/masiva/denue/2020_11/denue_00_81_1_1120_csv.zip</Archivo>
    <Archivo>https://www.inegi.org.mx/contenidos/masiva/denue/2020_11/denue_00_81_1_1120_shp.zip</Archivo>
    <Archivo>https://www.inegi.org.mx/contenidos/masiva/denue/2020_11/denue_00_81_2_1120_csv.zip</Archivo>
    <Archivo>https://www.inegi.org.mx/contenidos/masiva/denue/2020_11/denue_00_81_2_1120_shp.zip</Archivo>
    <Archivo>https://www.inegi.org.mx/contenidos/masiva/denue/2020_11/denue_00_72_1_1120_csv.zip</Archivo>
    <Archivo>https://www.inegi.org.mx/contenidos/masiva/denue/2020_11/denue_00_72_1_1120_shp.zip</Archivo>
    <Archivo>https://www.inegi.org.mx/contenidos/masiva/denue/2020_11/denue_00_72_2_1120_csv.zip</Archivo>
    <Archivo>https://www.inegi.org.mx/contenidos/masiva/denue/2020_11/denue_00_72_2_1120_shp.zip</Archivo>
    <Archivo>https://www.inegi.org.mx/contenidos/masiva/denue/2020_11/denue_00_56_1120_csv.zip</Archivo>
    <Archivo>https://www.inegi.org.mx/contenidos/masiva/denue/2020_11/denue_00_56_1120_shp.zip</Archivo>
    <Archivo>https://www.inegi.org.mx/contenidos/masiva/denue/2020_11/denue_00_71_1120_csv.zip</Archivo>
    <Archivo>https://www.inegi.org.mx/contenidos/masiva/denue/2020_11/denue_00_71_1120_shp.zip</Archivo>
    <Archivo>https://www.inegi.org.mx/contenidos/masiva/denue/2020_11/denue_00_62_1120_csv.zip</Archivo>
    <Archivo>https://www.inegi.org.mx/contenidos/masiva/denue/2020_11/denue_00_62_1120_shp.zip</Archivo>
    <Archivo>https://www.inegi.org.mx/contenidos/masiva/denue/2020_11/denue_00_61_1120_csv.zip</Archivo>
    <Archivo>https://www.inegi.org.mx/contenidos/masiva/denue/2020_11/denue_00_61_1120_shp.zip</Archivo>
    <Archivo>https://www.inegi.org.mx/contenidos/masiva/denue/2020_11/denue_00_52_1120_csv.zip</Archivo>
    <Archivo>https://www.inegi.org.mx/contenidos/masiva/denue/2020_11/denue_00_52_1120_shp.zip</Archivo>
    <Archivo>https://www.inegi.org.mx/contenidos/masiva/denue/2020_11/denue_00_53_1120_csv.zip</Archivo>
    <Archivo>https://www.inegi.org.mx/contenidos/masiva/denue/2020_11/denue_00_53_1120_shp.zip</Archivo>
    <Archivo>https://www.inegi.org.mx/contenidos/masiva/denue/2020_11/denue_00_54_1120_csv.zip</Archivo>
    <Archivo>https://www.inegi.org.mx/contenidos/masiva/denue/2020_11/denue_00_54_1120_shp.zip</Archivo>
    <Archivo>https://www.inegi.org.mx/contenidos/masiva/denue/2020_11/denue_00_48-49_1120_csv.zip</Archivo>
    <Archivo>https://www.inegi.org.mx/contenidos/masiva/denue/2020_11/denue_00_48-49_1120_shp.zip</Archivo>
    <Archivo>https://www.inegi.org.mx/contenidos/masiva/denue/2021_05/denue_00_11_0521_csv.zip</Archivo>
    <Archivo>https://www.inegi.org.mx/contenidos/masiva/denue/2021_05/denue_00_11_0521_shp.zip</Archivo>
    <Archivo>https://www.inegi.org.mx/contenidos/masiva/denue/2021_05/denue_00_43_0521_csv.zip</Archivo>
    <Archivo>https://www.inegi.org.mx/contenidos/masiva/denue/2021_05/denue_00_43_0521_shp.zip</Archivo>
    <Archivo>https://www.inegi.org.mx/contenidos/masiva/denue/2021_05/denue_00_55_0521_csv.zip</Archivo>
    <Archivo>https://www.inegi.org.mx/contenidos/masiva/denue/2021_05/denue_00_55_0521_shp.zip</Archivo>
    <Archivo>https://www.inegi.org.mx/contenidos/masiva/denue/2021_05/denue_00_51_0521_csv.zip</Archivo>
    <Archivo>https://www.inegi.org.mx/contenidos/masiva/denue/2021_05/denue_00_51_0521_shp.zip</Archivo>
    <Archivo>https://www.inegi.org.mx/contenidos/masiva/denue/2021_05/denue_00_21_0521_csv.zip</Archivo>
    <Archivo>https://www.inegi.org.mx/contenidos/masiva/denue/2021_05/denue_00_21_0521_shp.zip</Archivo>
    <Archivo>https://www.inegi.org.mx/contenidos/masiva/denue/2021_05/denue_00_31-33_0521_csv.zip</Archivo>
    <Archivo>https://www.inegi.org.mx/contenidos/masiva/denue/2021_05/denue_00_31-33_0521_shp.zip</Archivo>
    <Archivo>https://www.inegi.org.mx/contenidos/masiva/denue/2021_05/denue_00_22_0521_csv.zip</Archivo>
    <Archivo>https://www.inegi.org.mx/contenidos/masiva/denue/2021_05/denue_00_22_0521_shp.zip</Archivo>
    <Archivo>https://www.inegi.org.mx/contenidos/masiva/denue/2021_05/denue_00_52_0521_csv.zip</Archivo>
    <Archivo>https://www.inegi.org.mx/contenidos/masiva/denue/2021_05/denue_00_52_0521_shp.zip</Archivo>
    <Archivo>https://www.inegi.org.mx/contenidos/masiva/denue/2021_05/denue_00_53_0521_csv.zip</Archivo>
    <Archivo>https://www.inegi.org.mx/contenidos/masiva/denue/2021_05/denue_00_53_0521_shp.zip</Archivo>
    <Archivo>https://www.inegi.org.mx/contenidos/masiva/denue/2021_05/denue_00_54_0521_csv.zip</Archivo>
    <Archivo>https://www.inegi.org.mx/contenidos/masiva/denue/2021_05/denue_00_54_0521_shp.zip</Archivo>
    <Archivo>https://www.inegi.org.mx/contenidos/masiva/denue/2021_05/denue_00_48-49_0521_csv.zip</Archivo>
    <Archivo>https://www.inegi.org.mx/contenidos/masiva/denue/2021_05/denue_00_48-49_0521_shp.zip</Archivo>
    <Archivo>https://www.inegi.org.mx/contenidos/masiva/denue/2021_05/denue_00_23_0521_csv.zip</Archivo>
    <Archivo>https://www.inegi.org.mx/contenidos/masiva/denue/2021_05/denue_00_23_0521_shp.zip</Archivo>
    <Archivo>https://www.inegi.org.mx/contenidos/masiva/denue/2021_05/denue_00_93_0521_csv.zip</Archivo>
    <Archivo>https://www.inegi.org.mx/contenidos/masiva/denue/2021_05/denue_00_93_0521_shp.zip</Archivo>
    <Archivo>https://www.inegi.org.mx/contenidos/masiva/denue/2021_05/denue_00_46111_0521_csv.zip</Archivo>
    <Archivo>https://www.inegi.org.mx/contenidos/masiva/denue/2021_05/denue_00_46111_0521_shp.zip</Archivo>
    <Archivo>https://www.inegi.org.mx/contenidos/masiva/denue/2021_05/denue_00_46112-46311_0521_csv.zip</Archivo>
    <Archivo>https://www.inegi.org.mx/contenidos/masiva/denue/2021_05/denue_00_46112-46311_0521_shp.zip</Archivo>
    <Archivo>https://www.inegi.org.mx/contenidos/masiva/denue/2021_05/denue_00_46321-46531_0521_csv.zip</Archivo>
    <Archivo>https://www.inegi.org.mx/contenidos/masiva/denue/2021_05/denue_00_46321-46531_0521_shp.zip</Archivo>
    <Archivo>https://www.inegi.org.mx/contenidos/masiva/denue/2021_05/denue_00_46591-46911_0521_csv.zip</Archivo>
    <Archivo>https://www.inegi.org.mx/contenidos/masiva/denue/2021_05/denue_00_46591-46911_0521_shp.zip</Archivo>
    <Archivo>https://www.inegi.org.mx/contenidos/masiva/denue/2021_05/denue_00_81_1_0521_csv.zip</Archivo>
    <Archivo>https://www.inegi.org.mx/contenidos/masiva/denue/2021_05/denue_00_81_1_0521_shp.zip</Archivo>
    <Archivo>https://www.inegi.org.mx/contenidos/masiva/denue/2021_05/denue_00_81_2_0521_csv.zip</Archivo>
    <Archivo>https://www.inegi.org.mx/contenidos/masiva/denue/2021_05/denue_00_81_2_0521_shp.zip</Archivo>
    <Archivo>https://www.inegi.org.mx/contenidos/masiva/denue/2021_05/denue_00_72_1_0521_csv.zip</Archivo>
    <Archivo>https://www.inegi.org.mx/contenidos/masiva/denue/2021_05/denue_00_72_1_0521_shp.zip</Archivo>
    <Archivo>https://www.inegi.org.mx/contenidos/masiva/denue/2021_05/denue_00_72_2_0521_csv.zip</Archivo>
    <Archivo>https://www.inegi.org.mx/contenidos/masiva/denue/2021_05/denue_00_72_2_0521_shp.zip</Archivo>
    <Archivo>https://www.inegi.org.mx/contenidos/masiva/denue/2021_05/denue_00_56_0521_csv.zip</Archivo>
    <Archivo>https://www.inegi.org.mx/contenidos/masiva/denue/2021_05/denue_00_56_0521_shp.zip</Archivo>
    <Archivo>https://www.inegi.org.mx/contenidos/masiva/denue/2021_05/denue_00_71_0521_csv.zip</Archivo>
    <Archivo>https://www.inegi.org.mx/contenidos/masiva/denue/2021_05/denue_00_71_0521_shp.zip</Archivo>
    <Archivo>https://www.inegi.org.mx/contenidos/masiva/denue/2021_05/denue_00_62_0521_csv.zip</Archivo>
    <Archivo>https://www.inegi.org.mx/contenidos/masiva/denue/2021_05/denue_00_62_0521_shp.zip</Archivo>
    <Archivo>https://www.inegi.org.mx/contenidos/masiva/denue/2021_05/denue_00_61_0521_csv.zip</Archivo>
    <Archivo>https://www.inegi.org.mx/contenidos/masiva/denue/2021_05/denue_00_61_0521_shp.zip</Archivo>
    <Archivo>https://www.inegi.org.mx/contenidos/masiva/denue/2021_11/denue_00_23_1121_csv.zip</Archivo>
    <Archivo>https://www.inegi.org.mx/contenidos/masiva/denue/2021_11/denue_00_23_1121_shp.zip</Archivo>
    <Archivo>https://www.inegi.org.mx/contenidos/masiva/denue/2021_11/denue_00_93_1121_csv.zip</Archivo>
    <Archivo>https://www.inegi.org.mx/contenidos/masiva/denue/2021_11/denue_00_93_1121_shp.zip</Archivo>
    <Archivo>https://www.inegi.org.mx/contenidos/masiva/denue/2021_11/denue_00_11_1121_csv.zip</Archivo>
    <Archivo>https://www.inegi.org.mx/contenidos/masiva/denue/2021_11/denue_00_11_1121_shp.zip</Archivo>
    <Archivo>https://www.inegi.org.mx/contenidos/masiva/denue/2021_11/denue_00_43_1121_csv.zip</Archivo>
    <Archivo>https://www.inegi.org.mx/contenidos/masiva/denue/2021_11/denue_00_43_1121_shp.zip</Archivo>
    <Archivo>https://www.inegi.org.mx/contenidos/masiva/denue/2021_11/denue_00_46111_1121_csv.zip</Archivo>
    <Archivo>https://www.inegi.org.mx/contenidos/masiva/denue/2021_11/denue_00_46111_1121_shp.zip</Archivo>
    <Archivo>https://www.inegi.org.mx/contenidos/masiva/denue/2021_11/denue_00_46112-46311_1121_csv.zip</Archivo>
    <Archivo>https://www.inegi.org.mx/contenidos/masiva/denue/2021_11/denue_00_46112-46311_1121_shp.zip</Archivo>
    <Archivo>https://www.inegi.org.mx/contenidos/masiva/denue/2021_11/denue_00_46321-46531_1121_csv.zip</Archivo>
    <Archivo>https://www.inegi.org.mx/contenidos/masiva/denue/2021_11/denue_00_46321-46531_1121_shp.zip</Archivo>
    <Archivo>https://www.inegi.org.mx/contenidos/masiva/denue/2021_11/denue_00_46591-46911_1121_csv.zip</Archivo>
    <Archivo>https://www.inegi.org.mx/contenidos/masiva/denue/2021_11/denue_00_46591-46911_1121_shp.zip</Archivo>
    <Archivo>https://www.inegi.org.mx/contenidos/masiva/denue/2021_11/denue_00_55_1121_csv.zip</Archivo>
    <Archivo>https://www.inegi.org.mx/contenidos/masiva/denue/2021_11/denue_00_55_1121_shp.zip</Archivo>
    <Archivo>https://www.inegi.org.mx/contenidos/masiva/denue/2021_11/denue_00_51_1121_csv.zip</Archivo>
    <Archivo>https://www.inegi.org.mx/contenidos/masiva/denue/2021_11/denue_00_51_1121_shp.zip</Archivo>
    <Archivo>https://www.inegi.org.mx/contenidos/masiva/denue/2021_11/denue_00_21_1121_csv.zip</Archivo>
    <Archivo>https://www.inegi.org.mx/contenidos/masiva/denue/2021_11/denue_00_21_1121_shp.zip</Archivo>
    <Archivo>https://www.inegi.org.mx/contenidos/masiva/denue/2021_11/denue_00_31-33_1121_csv.zip</Archivo>
    <Archivo>https://www.inegi.org.mx/contenidos/masiva/denue/2021_11/denue_00_31-33_1121_shp.zip</Archivo>
    <Archivo>https://www.inegi.org.mx/contenidos/masiva/denue/2021_11/denue_00_22_1121_csv.zip</Archivo>
    <Archivo>https://www.inegi.org.mx/contenidos/masiva/denue/2021_11/denue_00_22_1121_shp.zip</Archivo>
    <Archivo>https://www.inegi.org.mx/contenidos/masiva/denue/2021_11/denue_00_81_1_1121_csv.zip</Archivo>
    <Archivo>https://www.inegi.org.mx/contenidos/masiva/denue/2021_11/denue_00_81_1_1121_shp.zip</Archivo>
    <Archivo>https://www.inegi.org.mx/contenidos/masiva/denue/2021_11/denue_00_81_2_1121_csv.zip</Archivo>
    <Archivo>https://www.inegi.org.mx/contenidos/masiva/denue/2021_11/denue_00_81_2_1121_shp.zip</Archivo>
    <Archivo>https://www.inegi.org.mx/contenidos/masiva/denue/2021_11/denue_00_72_1_1121_csv.zip</Archivo>
    <Archivo>https://www.inegi.org.mx/contenidos/masiva/denue/2021_11/denue_00_72_1_1121_shp.zip</Archivo>
    <Archivo>https://www.inegi.org.mx/contenidos/masiva/denue/2021_11/denue_00_72_2_1121_csv.zip</Archivo>
    <Archivo>https://www.inegi.org.mx/contenidos/masiva/denue/2021_11/denue_00_72_2_1121_shp.zip</Archivo>
    <Archivo>https://www.inegi.org.mx/contenidos/masiva/denue/2021_11/denue_00_56_1121_csv.zip</Archivo>
    <Archivo>https://www.inegi.org.mx/contenidos/masiva/denue/2021_11/denue_00_56_1121_shp.zip</Archivo>
    <Archivo>https://www.inegi.org.mx/contenidos/masiva/denue/2021_11/denue_00_71_1121_csv.zip</Archivo>
    <Archivo>https://www.inegi.org.mx/contenidos/masiva/denue/2021_11/denue_00_71_1121_shp.zip</Archivo>
    <Archivo>https://www.inegi.org.mx/contenidos/masiva/denue/2021_11/denue_00_62_1121_csv.zip</Archivo>
    <Archivo>https://www.inegi.org.mx/contenidos/masiva/denue/2021_11/denue_00_62_1121_shp.zip</Archivo>
    <Archivo>https://www.inegi.org.mx/contenidos/masiva/denue/2021_11/denue_00_61_1121_csv.zip</Archivo>
    <Archivo>https://www.inegi.org.mx/contenidos/masiva/denue/2021_11/denue_00_61_1121_shp.zip</Archivo>
    <Archivo>https://www.inegi.org.mx/contenidos/masiva/denue/2021_11/denue_00_52_1121_csv.zip</Archivo>
    <Archivo>https://www.inegi.org.mx/contenidos/masiva/denue/2021_11/denue_00_52_1121_shp.zip</Archivo>
    <Archivo>https://www.inegi.org.mx/contenidos/masiva/denue/2021_11/denue_00_53_1121_csv.zip</Archivo>
    <Archivo>https://www.inegi.org.mx/contenidos/masiva/denue/2021_11/denue_00_53_1121_shp.zip</Archivo>
    <Archivo>https://www.inegi.org.mx/contenidos/masiva/denue/2021_11/denue_00_54_1121_csv.zip</Archivo>
    <Archivo>https://www.inegi.org.mx/contenidos/masiva/denue/2021_11/denue_00_54_1121_shp.zip</Archivo>
    <Archivo>https://www.inegi.org.mx/contenidos/masiva/denue/2021_11/denue_00_48-49_1121_csv.zip</Archivo>
    <Archivo>https://www.inegi.org.mx/contenidos/masiva/denue/2021_11/denue_00_48-49_1121_shp.zip</Archivo>
    <Archivo>https://www.inegi.org.mx/contenidos/masiva/denue/2022_05/denue_00_23_0522_csv.zip</Archivo>
    <Archivo>https://www.inegi.org.mx/contenidos/masiva/denue/2022_05/denue_00_23_0522_shp.zip</Archivo>
    <Archivo>https://www.inegi.org.mx/contenidos/masiva/denue/2022_05/denue_00_93_0522_csv.zip</Archivo>
    <Archivo>https://www.inegi.org.mx/contenidos/masiva/denue/2022_05/denue_00_93_0522_shp.zip</Archivo>
    <Archivo>https://www.inegi.org.mx/contenidos/masiva/denue/2022_05/denue_00_11_0522_csv.zip</Archivo>
    <Archivo>https://www.inegi.org.mx/contenidos/masiva/denue/2022_05/denue_00_11_0522_shp.zip</Archivo>
    <Archivo>https://www.inegi.org.mx/contenidos/masiva/denue/2022_05/denue_00_43_0522_csv.zip</Archivo>
    <Archivo>https://www.inegi.org.mx/contenidos/masiva/denue/2022_05/denue_00_43_0522_shp.zip</Archivo>
    <Archivo>https://www.inegi.org.mx/contenidos/masiva/denue/2022_05/denue_00_46111_0522_csv.zip</Archivo>
    <Archivo>https://www.inegi.org.mx/contenidos/masiva/denue/2022_05/denue_00_46111_0522_shp.zip</Archivo>
    <Archivo>https://www.inegi.org.mx/contenidos/masiva/denue/2022_05/denue_00_46112-46311_0522_csv.zip</Archivo>
    <Archivo>https://www.inegi.org.mx/contenidos/masiva/denue/2022_05/denue_00_46112-46311_0522_shp.zip</Archivo>
    <Archivo>https://www.inegi.org.mx/contenidos/masiva/denue/2022_05/denue_00_46321-46531_0522_csv.zip</Archivo>
    <Archivo>https://www.inegi.org.mx/contenidos/masiva/denue/2022_05/denue_00_46321-46531_0522_shp.zip</Archivo>
    <Archivo>https://www.inegi.org.mx/contenidos/masiva/denue/2022_05/denue_00_46591-46911_0522_csv.zip</Archivo>
    <Archivo>https://www.inegi.org.mx/contenidos/masiva/denue/2022_05/denue_00_46591-46911_0522_shp.zip</Archivo>
    <Archivo>https://www.inegi.org.mx/contenidos/masiva/denue/2022_05/denue_00_55_0522_csv.zip</Archivo>
    <Archivo>https://www.inegi.org.mx/contenidos/masiva/denue/2022_05/denue_00_55_0522_shp.zip</Archivo>
    <Archivo>https://www.inegi.org.mx/contenidos/masiva/denue/2022_05/denue_00_51_0522_csv.zip</Archivo>
    <Archivo>https://www.inegi.org.mx/contenidos/masiva/denue/2022_05/denue_00_51_0522_shp.zip</Archivo>
    <Archivo>https://www.inegi.org.mx/contenidos/masiva/denue/2022_05/denue_00_21_0522_csv.zip</Archivo>
    <Archivo>https://www.inegi.org.mx/contenidos/masiva/denue/2022_05/denue_00_21_0522_shp.zip</Archivo>
    <Archivo>https://www.inegi.org.mx/contenidos/masiva/denue/2022_05/denue_00_31-33_0522_csv.zip</Archivo>
    <Archivo>https://www.inegi.org.mx/contenidos/masiva/denue/2022_05/denue_00_31-33_0522_shp.zip</Archivo>
    <Archivo>https://www.inegi.org.mx/contenidos/masiva/denue/2022_05/denue_00_22_0522_csv.zip</Archivo>
    <Archivo>https://www.inegi.org.mx/contenidos/masiva/denue/2022_05/denue_00_22_0522_shp.zip</Archivo>
    <Archivo>https://www.inegi.org.mx/contenidos/masiva/denue/2022_05/denue_00_81_1_0522_csv.zip</Archivo>
    <Archivo>https://www.inegi.org.mx/contenidos/masiva/denue/2022_05/denue_00_81_1_0522_shp.zip</Archivo>
    <Archivo>https://www.inegi.org.mx/contenidos/masiva/denue/2022_05/denue_00_81_2_0522_csv.zip</Archivo>
    <Archivo>https://www.inegi.org.mx/contenidos/masiva/denue/2022_05/denue_00_81_2_0522_shp.zip</Archivo>
    <Archivo>https://www.inegi.org.mx/contenidos/masiva/denue/2022_05/denue_00_72_1_0522_csv.zip</Archivo>
    <Archivo>https://www.inegi.org.mx/contenidos/masiva/denue/2022_05/denue_00_72_1_0522_shp.zip</Archivo>
    <Archivo>https://www.inegi.org.mx/contenidos/masiva/denue/2022_05/denue_00_72_2_0522_csv.zip</Archivo>
    <Archivo>https://www.inegi.org.mx/contenidos/masiva/denue/2022_05/denue_00_72_2_0522_shp.zip</Archivo>
    <Archivo>https://www.inegi.org.mx/contenidos/masiva/denue/2022_05/denue_00_56_0522_csv.zip</Archivo>
    <Archivo>https://www.inegi.org.mx/contenidos/masiva/denue/2022_05/denue_00_56_0522_shp.zip</Archivo>
    <Archivo>https://www.inegi.org.mx/contenidos/masiva/denue/2022_05/denue_00_71_0522_csv.zip</Archivo>
    <Archivo>https://www.inegi.org.mx/contenidos/masiva/denue/2022_05/denue_00_71_0522_shp.zip</Archivo>
    <Archivo>https://www.inegi.org.mx/contenidos/masiva/denue/2022_05/denue_00_62_0522_csv.zip</Archivo>
    <Archivo>https://www.inegi.org.mx/contenidos/masiva/denue/2022_05/denue_00_62_0522_shp.zip</Archivo>
    <Archivo>https://www.inegi.org.mx/contenidos/masiva/denue/2022_05/denue_00_61_0522_csv.zip</Archivo>
    <Archivo>https://www.inegi.org.mx/contenidos/masiva/denue/2022_05/denue_00_61_0522_shp.zip</Archivo>
    <Archivo>https://www.inegi.org.mx/contenidos/masiva/denue/2022_05/denue_00_52_0522_csv.zip</Archivo>
    <Archivo>https://www.inegi.org.mx/contenidos/masiva/denue/2022_05/denue_00_52_0522_shp.zip</Archivo>
    <Archivo>https://www.inegi.org.mx/contenidos/masiva/denue/2022_05/denue_00_53_0522_csv.zip</Archivo>
    <Archivo>https://www.inegi.org.mx/contenidos/masiva/denue/2022_05/denue_00_53_0522_shp.zip</Archivo>
    <Archivo>https://www.inegi.org.mx/contenidos/masiva/denue/2022_05/denue_00_54_0522_csv.zip</Archivo>
    <Archivo>https://www.inegi.org.mx/contenidos/masiva/denue/2022_05/denue_00_54_0522_shp.zip</Archivo>
    <Archivo>https://www.inegi.org.mx/contenidos/masiva/denue/2022_05/denue_00_48-49_0522_csv.zip</Archivo>
    <Archivo>https://www.inegi.org.mx/contenidos/masiva/denue/2022_05/denue_00_48-49_0522_shp.zip</Archivo>
    <Archivo>https://www.inegi.org.mx/contenidos/masiva/denue/2022_11/denue_00_23_1122_csv.zip</Archivo>
    <Archivo>https://www.inegi.org.mx/contenidos/masiva/denue/2022_11/denue_00_23_1122_shp.zip</Archivo>
    <Archivo>https://www.inegi.org.mx/contenidos/masiva/denue/2022_11/denue_00_93_1122_csv.zip</Archivo>
    <Archivo>https://www.inegi.org.mx/contenidos/masiva/denue/2022_11/denue_00_93_1122_shp.zip</Archivo>
    <Archivo>https://www.inegi.org.mx/contenidos/masiva/denue/2022_11/denue_00_11_1122_csv.zip</Archivo>
    <Archivo>https://www.inegi.org.mx/contenidos/masiva/denue/2022_11/denue_00_11_1122_shp.zip</Archivo>
    <Archivo>https://www.inegi.org.mx/contenidos/masiva/denue/2022_11/denue_00_43_1122_csv.zip</Archivo>
    <Archivo>https://www.inegi.org.mx/contenidos/masiva/denue/2022_11/denue_00_43_1122_shp.zip</Archivo>
    <Archivo>https://www.inegi.org.mx/contenidos/masiva/denue/2022_11/denue_00_46111_1122_csv.zip</Archivo>
    <Archivo>https://www.inegi.org.mx/contenidos/masiva/denue/2022_11/denue_00_46111_1122_shp.zip</Archivo>
    <Archivo>https://www.inegi.org.mx/contenidos/masiva/denue/2022_11/denue_00_46112-46311_1122_csv.zip</Archivo>
    <Archivo>https://www.inegi.org.mx/contenidos/masiva/denue/2022_11/denue_00_46112-46311_1122_shp.zip</Archivo>
    <Archivo>https://www.inegi.org.mx/contenidos/masiva/denue/2022_11/denue_00_46321-46531_1122_csv.zip</Archivo>
    <Archivo>https://www.inegi.org.mx/contenidos/masiva/denue/2022_11/denue_00_46321-46531_1122_shp.zip</Archivo>
    <Archivo>https://www.inegi.org.mx/contenidos/masiva/denue/2022_11/denue_00_46591-46911_1122_csv.zip</Archivo>
    <Archivo>https://www.inegi.org.mx/contenidos/masiva/denue/2022_11/denue_00_46591-46911_1122_shp.zip</Archivo>
    <Archivo>https://www.inegi.org.mx/contenidos/masiva/denue/2022_11/denue_00_55_1122_csv.zip</Archivo>
    <Archivo>https://www.inegi.org.mx/contenidos/masiva/denue/2022_11/denue_00_55_1122_shp.zip</Archivo>
    <Archivo>https://www.inegi.org.mx/contenidos/masiva/denue/2022_11/denue_00_51_1122_csv.zip</Archivo>
    <Archivo>https://www.inegi.org.mx/contenidos/masiva/denue/2022_11/denue_00_51_1122_shp.zip</Archivo>
    <Archivo>https://www.inegi.org.mx/contenidos/masiva/denue/2022_11/denue_00_21_1122_csv.zip</Archivo>
    <Archivo>https://www.inegi.org.mx/contenidos/masiva/denue/2022_11/denue_00_21_1122_shp.zip</Archivo>
    <Archivo>https://www.inegi.org.mx/contenidos/masiva/denue/2022_11/denue_00_31-33_1122_csv.zip</Archivo>
    <Archivo>https://www.inegi.org.mx/contenidos/masiva/denue/2022_11/denue_00_31-33_1122_shp.zip</Archivo>
    <Archivo>https://www.inegi.org.mx/contenidos/masiva/denue/2022_11/denue_00_22_1122_csv.zip</Archivo>
    <Archivo>https://www.inegi.org.mx/contenidos/masiva/denue/2022_11/denue_00_22_1122_shp.zip</Archivo>
    <Archivo>https://www.inegi.org.mx/contenidos/masiva/denue/2022_11/denue_00_81_1_1122_csv.zip</Archivo>
    <Archivo>https://www.inegi.org.mx/contenidos/masiva/denue/2022_11/denue_00_81_1_1122_shp.zip</Archivo>
    <Archivo>https://www.inegi.org.mx/contenidos/masiva/denue/2022_11/denue_00_81_2_1122_csv.zip</Archivo>
    <Archivo>https://www.inegi.org.mx/contenidos/masiva/denue/2022_11/denue_00_81_2_1122_shp.zip</Archivo>
    <Archivo>https://www.inegi.org.mx/contenidos/masiva/denue/2022_11/denue_00_72_1_1122_csv.zip</Archivo>
    <Archivo>https://www.inegi.org.mx/contenidos/masiva/denue/2022_11/denue_00_72_1_1122_shp.zip</Archivo>
    <Archivo>https://www.inegi.org.mx/contenidos/masiva/denue/2022_11/denue_00_72_2_1122_csv.zip</Archivo>
    <Archivo>https://www.inegi.org.mx/contenidos/masiva/denue/2022_11/denue_00_72_2_1122_shp.zip</Archivo>
    <Archivo>https://www.inegi.org.mx/contenidos/masiva/denue/2022_11/denue_00_56_1122_csv.zip</Archivo>
    <Archivo>https://www.inegi.org.mx/contenidos/masiva/denue/2022_11/denue_00_56_1122_shp.zip</Archivo>
    <Archivo>https://www.inegi.org.mx/contenidos/masiva/denue/2022_11/denue_00_71_1122_csv.zip</Archivo>
    <Archivo>https://www.inegi.org.mx/contenidos/masiva/denue/2022_11/denue_00_71_1122_shp.zip</Archivo>
    <Archivo>https://www.inegi.org.mx/contenidos/masiva/denue/2022_11/denue_00_62_1122_csv.zip</Archivo>
    <Archivo>https://www.inegi.org.mx/contenidos/masiva/denue/2022_11/denue_00_62_1122_shp.zip</Archivo>
    <Archivo>https://www.inegi.org.mx/contenidos/masiva/denue/2022_11/denue_00_61_1122_csv.zip</Archivo>
    <Archivo>https://www.inegi.org.mx/contenidos/masiva/denue/2022_11/denue_00_61_1122_shp.zip</Archivo>
    <Archivo>https://www.inegi.org.mx/contenidos/masiva/denue/2022_11/denue_00_52_1122_csv.zip</Archivo>
    <Archivo>https://www.inegi.org.mx/contenidos/masiva/denue/2022_11/denue_00_52_1122_shp.zip</Archivo>
    <Archivo>https://www.inegi.org.mx/contenidos/masiva/denue/2022_11/denue_00_53_1122_csv.zip</Archivo>
    <Archivo>https://www.inegi.org.mx/contenidos/masiva/denue/2022_11/denue_00_53_1122_shp.zip</Archivo>
    <Archivo>https://www.inegi.org.mx/contenidos/masiva/denue/2022_11/denue_00_54_1122_csv.zip</Archivo>
    <Archivo>https://www.inegi.org.mx/contenidos/masiva/denue/2022_11/denue_00_54_1122_shp.zip</Archivo>
    <Archivo>https://www.inegi.org.mx/contenidos/masiva/denue/2022_11/denue_00_48-49_1122_csv.zip</Archivo>
    <Archivo>https://www.inegi.org.mx/contenidos/masiva/denue/2022_11/denue_00_48-49_1122_shp.zip</Archivo>
    <Archivo>https://www.inegi.org.mx/contenidos/masiva/denue/2023_11/denue_00_23_1123_csv.zip</Archivo>
    <Archivo>https://www.inegi.org.mx/contenidos/masiva/denue/2023_11/denue_00_23_1123_shp.zip</Archivo>
    <Archivo>https://www.inegi.org.mx/contenidos/masiva/denue/2023_11/denue_00_93_1123_csv.zip</Archivo>
    <Archivo>https://www.inegi.org.mx/contenidos/masiva/denue/2023_11/denue_00_93_1123_shp.zip</Archivo>
    <Archivo>https://www.inegi.org.mx/contenidos/masiva/denue/2023_11/denue_00_11_1123_csv.zip</Archivo>
    <Archivo>https://www.inegi.org.mx/contenidos/masiva/denue/2023_11/denue_00_11_1123_shp.zip</Archivo>
    <Archivo>https://www.inegi.org.mx/contenidos/masiva/denue/2023_11/denue_00_43_1123_csv.zip</Archivo>
    <Archivo>https://www.inegi.org.mx/contenidos/masiva/denue/2023_11/denue_00_43_1123_shp.zip</Archivo>
    <Archivo>https://www.inegi.org.mx/contenidos/masiva/denue/2023_11/denue_00_46111_1123_csv.zip</Archivo>
    <Archivo>https://www.inegi.org.mx/contenidos/masiva/denue/2023_11/denue_00_46111_1123_shp.zip</Archivo>
    <Archivo>https://www.inegi.org.mx/contenidos/masiva/denue/2023_11/denue_00_46112-46311_1123_csv.zip</Archivo>
    <Archivo>https://www.inegi.org.mx/contenidos/masiva/denue/2023_11/denue_00_46112-46311_1123_shp.zip</Archivo>
    <Archivo>https://www.inegi.org.mx/contenidos/masiva/denue/2023_11/denue_00_46321-46531_1123_csv.zip</Archivo>
    <Archivo>https://www.inegi.org.mx/contenidos/masiva/denue/2023_11/denue_00_46321-46531_1123_shp.zip</Archivo>
    <Archivo>https://www.inegi.org.mx/contenidos/masiva/denue/2023_11/denue_00_46591-46911_1123_csv.zip</Archivo>
    <Archivo>https://www.inegi.org.mx/contenidos/masiva/denue/2023_11/denue_00_46591-46911_1123_shp.zip</Archivo>
    <Archivo>https://www.inegi.org.mx/contenidos/masiva/denue/2023_11/denue_00_55_1123_csv.zip</Archivo>
    <Archivo>https://www.inegi.org.mx/contenidos/masiva/denue/2023_11/denue_00_55_1123_shp.zip</Archivo>
    <Archivo>https://www.inegi.org.mx/contenidos/masiva/denue/2023_11/denue_00_51_1123_csv.zip</Archivo>
    <Archivo>https://www.inegi.org.mx/contenidos/masiva/denue/2023_11/denue_00_51_1123_shp.zip</Archivo>
    <Archivo>https://www.inegi.org.mx/contenidos/masiva/denue/2023_11/denue_00_21_1123_csv.zip</Archivo>
    <Archivo>https://www.inegi.org.mx/contenidos/masiva/denue/2023_11/denue_00_21_1123_shp.zip</Archivo>
    <Archivo>https://www.inegi.org.mx/contenidos/masiva/denue/2023_11/denue_00_31-33_1123_csv.zip</Archivo>
    <Archivo>https://www.inegi.org.mx/contenidos/masiva/denue/2023_11/denue_00_31-33_1123_shp.zip</Archivo>
    <Archivo>https://www.inegi.org.mx/contenidos/masiva/denue/2023_11/denue_00_22_1123_csv.zip</Archivo>
    <Archivo>https://www.inegi.org.mx/contenidos/masiva/denue/2023_11/denue_00_22_1123_shp.zip</Archivo>
    <Archivo>https://www.inegi.org.mx/contenidos/masiva/denue/2023_11/denue_00_81_1_1123_csv.zip</Archivo>
    <Archivo>https://www.inegi.org.mx/contenidos/masiva/denue/2023_11/denue_00_81_1_1123_shp.zip</Archivo>
    <Archivo>https://www.inegi.org.mx/contenidos/masiva/denue/2023_11/denue_00_81_2_1123_csv.zip</Archivo>
    <Archivo>https://www.inegi.org.mx/contenidos/masiva/denue/2023_11/denue_00_81_2_1123_shp.zip</Archivo>
    <Archivo>https://www.inegi.org.mx/contenidos/masiva/denue/2023_11/denue_00_72_1_1123_csv.zip</Archivo>
    <Archivo>https://www.inegi.org.mx/contenidos/masiva/denue/2023_11/denue_00_72_1_1123_shp.zip</Archivo>
    <Archivo>https://www.inegi.org.mx/contenidos/masiva/denue/2023_11/denue_00_72_2_1123_csv.zip</Archivo>
    <Archivo>https://www.inegi.org.mx/contenidos/masiva/denue/2023_11/denue_00_72_2_1123_shp.zip</Archivo>
    <Archivo>https://www.inegi.org.mx/contenidos/masiva/denue/2023_11/denue_00_56_1123_csv.zip</Archivo>
    <Archivo>https://www.inegi.org.mx/contenidos/masiva/denue/2023_11/denue_00_56_1123_shp.zip</Archivo>
    <Archivo>https://www.inegi.org.mx/contenidos/masiva/denue/2023_11/denue_00_71_1123_csv.zip</Archivo>
    <Archivo>https://www.inegi.org.mx/contenidos/masiva/denue/2023_11/denue_00_71_1123_shp.zip</Archivo>
    <Archivo>https://www.inegi.org.mx/contenidos/masiva/denue/2023_11/denue_00_62_1123_csv.zip</Archivo>
    <Archivo>https://www.inegi.org.mx/contenidos/masiva/denue/2023_11/denue_00_62_1123_shp.zip</Archivo>
    <Archivo>https://www.inegi.org.mx/contenidos/masiva/denue/2023_11/denue_00_61_1123_csv.zip</Archivo>
    <Archivo>https://www.inegi.org.mx/contenidos/masiva/denue/2023_11/denue_00_61_1123_shp.zip</Archivo>
    <Archivo>https://www.inegi.org.mx/contenidos/masiva/denue/2023_11/denue_00_52_1123_csv.zip</Archivo>
    <Archivo>https://www.inegi.org.mx/contenidos/masiva/denue/2023_11/denue_00_52_1123_shp.zip</Archivo>
    <Archivo>https://www.inegi.org.mx/contenidos/masiva/denue/2023_11/denue_00_53_1123_csv.zip</Archivo>
    <Archivo>https://www.inegi.org.mx/contenidos/masiva/denue/2023_11/denue_00_53_1123_shp.zip</Archivo>
    <Archivo>https://www.inegi.org.mx/contenidos/masiva/denue/2023_11/denue_00_54_1123_csv.zip</Archivo>
    <Archivo>https://www.inegi.org.mx/contenidos/masiva/denue/2023_11/denue_00_54_1123_shp.zip</Archivo>
    <Archivo>https://www.inegi.org.mx/contenidos/masiva/denue/2023_11/denue_00_48-49_1123_csv.zip</Archivo>
    <Archivo>https://www.inegi.org.mx/contenidos/masiva/denue/2023_11/denue_00_48-49_1123_shp.zip</Archivo>
    <Archivo>https://www.inegi.org.mx/contenidos/masiva/denue/2024_05/denue_00_23_0524_csv.zip</Archivo>
    <Archivo>https://www.inegi.org.mx/contenidos/masiva/denue/2024_05/denue_00_23_0524_shp.zip</Archivo>
    <Archivo>https://www.inegi.org.mx/contenidos/masiva/denue/2024_05/denue_00_93_0524_csv.zip</Archivo>
    <Archivo>https://www.inegi.org.mx/contenidos/masiva/denue/2024_05/denue_00_93_0524_shp.zip</Archivo>
    <Archivo>https://www.inegi.org.mx/contenidos/masiva/denue/2024_05/denue_00_11_0524_csv.zip</Archivo>
    <Archivo>https://www.inegi.org.mx/contenidos/masiva/denue/2024_05/denue_00_11_0524_shp.zip</Archivo>
    <Archivo>https://www.inegi.org.mx/contenidos/masiva/denue/2024_05/denue_00_43_0524_csv.zip</Archivo>
    <Archivo>https://www.inegi.org.mx/contenidos/masiva/denue/2024_05/denue_00_43_0524_shp.zip</Archivo>
    <Archivo>https://www.inegi.org.mx/contenidos/masiva/denue/2024_05/denue_00_46111_0524_csv.zip</Archivo>
    <Archivo>https://www.inegi.org.mx/contenidos/masiva/denue/2024_05/denue_00_46111_0524_shp.zip</Archivo>
    <Archivo>https://www.inegi.org.mx/contenidos/masiva/denue/2024_05/denue_00_46112-46311_0524_csv.zip</Archivo>
    <Archivo>https://www.inegi.org.mx/contenidos/masiva/denue/2024_05/denue_00_46112-46311_0524_shp.zip</Archivo>
    <Archivo>https://www.inegi.org.mx/contenidos/masiva/denue/2024_05/denue_00_46321-46531_0524_csv.zip</Archivo>
    <Archivo>https://www.inegi.org.mx/contenidos/masiva/denue/2024_05/denue_00_46321-46531_0524_shp.zip</Archivo>
    <Archivo>https://www.inegi.org.mx/contenidos/masiva/denue/2024_05/denue_00_46591-46911_0524_csv.zip</Archivo>
    <Archivo>https://www.inegi.org.mx/contenidos/masiva/denue/2024_05/denue_00_46591-46911_0524_shp.zip</Archivo>
    <Archivo>https://www.inegi.org.mx/contenidos/masiva/denue/2024_05/denue_00_55_0524_csv.zip</Archivo>
    <Archivo>https://www.inegi.org.mx/contenidos/masiva/denue/2024_05/denue_00_55_0524_shp.zip</Archivo>
    <Archivo>https://www.inegi.org.mx/contenidos/masiva/denue/2024_05/denue_00_51_0524_csv.zip</Archivo>
    <Archivo>https://www.inegi.org.mx/contenidos/masiva/denue/2024_05/denue_00_51_0524_shp.zip</Archivo>
    <Archivo>https://www.inegi.org.mx/contenidos/masiva/denue/2024_05/denue_00_21_0524_csv.zip</Archivo>
    <Archivo>https://www.inegi.org.mx/contenidos/masiva/denue/2024_05/denue_00_21_0524_shp.zip</Archivo>
    <Archivo>https://www.inegi.org.mx/contenidos/masiva/denue/2024_05/denue_00_31-33_0524_csv.zip</Archivo>
    <Archivo>https://www.inegi.org.mx/contenidos/masiva/denue/2024_05/denue_00_31-33_0524_shp.zip</Archivo>
    <Archivo>https://www.inegi.org.mx/contenidos/masiva/denue/2024_05/denue_00_22_0524_csv.zip</Archivo>
    <Archivo>https://www.inegi.org.mx/contenidos/masiva/denue/2024_05/denue_00_22_0524_shp.zip</Archivo>
    <Archivo>https://www.inegi.org.mx/contenidos/masiva/denue/2024_05/denue_00_81_1_0524_csv.zip</Archivo>
    <Archivo>https://www.inegi.org.mx/contenidos/masiva/denue/2024_05/denue_00_81_1_0524_shp.zip</Archivo>
    <Archivo>https://www.inegi.org.mx/contenidos/masiva/denue/2024_05/denue_00_81_2_0524_csv.zip</Archivo>
    <Archivo>https://www.inegi.org.mx/contenidos/masiva/denue/2024_05/denue_00_81_2_0524_shp.zip</Archivo>
    <Archivo>https://www.inegi.org.mx/contenidos/masiva/denue/2024_05/denue_00_72_1_0524_csv.zip</Archivo>
    <Archivo>https://www.inegi.org.mx/contenidos/masiva/denue/2024_05/denue_00_72_1_0524_shp.zip</Archivo>
    <Archivo>https://www.inegi.org.mx/contenidos/masiva/denue/2024_05/denue_00_72_2_0524_csv.zip</Archivo>
    <Archivo>https://www.inegi.org.mx/contenidos/masiva/denue/2024_05/denue_00_72_2_0524_shp.zip</Archivo>
    <Archivo>https://www.inegi.org.mx/contenidos/masiva/denue/2024_05/denue_00_56_0524_csv.zip</Archivo>
    <Archivo>https://www.inegi.org.mx/contenidos/masiva/denue/2024_05/denue_00_56_0524_shp.zip</Archivo>
    <Archivo>https://www.inegi.org.mx/contenidos/masiva/denue/2024_05/denue_00_71_0524_csv.zip</Archivo>
    <Archivo>https://www.inegi.org.mx/contenidos/masiva/denue/2024_05/denue_00_71_0524_shp.zip</Archivo>
    <Archivo>https://www.inegi.org.mx/contenidos/masiva/denue/2024_05/denue_00_62_0524_csv.zip</Archivo>
    <Archivo>https://www.inegi.org.mx/contenidos/masiva/denue/2024_05/denue_00_62_0524_shp.zip</Archivo>
    <Archivo>https://www.inegi.org.mx/contenidos/masiva/denue/2024_05/denue_00_61_0524_csv.zip</Archivo>
    <Archivo>https://www.inegi.org.mx/contenidos/masiva/denue/2024_05/denue_00_61_0524_shp.zip</Archivo>
    <Archivo>https://www.inegi.org.mx/contenidos/masiva/denue/2024_05/denue_00_52_0524_csv.zip</Archivo>
    <Archivo>https://www.inegi.org.mx/contenidos/masiva/denue/2024_05/denue_00_52_0524_shp.zip</Archivo>
    <Archivo>https://www.inegi.org.mx/contenidos/masiva/denue/2024_05/denue_00_53_0524_csv.zip</Archivo>
    <Archivo>https://www.inegi.org.mx/contenidos/masiva/denue/2024_05/denue_00_53_0524_shp.zip</Archivo>
    <Archivo>https://www.inegi.org.mx/contenidos/masiva/denue/2024_05/denue_00_54_0524_csv.zip</Archivo>
    <Archivo>https://www.inegi.org.mx/contenidos/masiva/denue/2024_05/denue_00_54_0524_shp.zip</Archivo>
    <Archivo>https://www.inegi.org.mx/contenidos/masiva/denue/2024_05/denue_00_48-49_0524_csv.zip</Archivo>
    <Archivo>https://www.inegi.org.mx/contenidos/masiva/denue/2024_05/denue_00_48-49_0524_shp.zip</Archivo>
    <Archivo>https://www.inegi.org.mx/contenidos/masiva/denue/2024_11/denue_00_23_1124_csv.zip</Archivo>
    <Archivo>https://www.inegi.org.mx/contenidos/masiva/denue/2024_11/denue_00_23_1124_shp.zip</Archivo>
    <Archivo>https://www.inegi.org.mx/contenidos/masiva/denue/2024_11/denue_00_93_1124_csv.zip</Archivo>
    <Archivo>https://www.inegi.org.mx/contenidos/masiva/denue/2024_11/denue_00_93_1124_shp.zip</Archivo>
    <Archivo>https://www.inegi.org.mx/contenidos/masiva/denue/2024_11/denue_00_11_1124_csv.zip</Archivo>
    <Archivo>https://www.inegi.org.mx/contenidos/masiva/denue/2024_11/denue_00_11_1124_shp.zip</Archivo>
    <Archivo>https://www.inegi.org.mx/contenidos/masiva/denue/2024_11/denue_00_43_1124_csv.zip</Archivo>
    <Archivo>https://www.inegi.org.mx/contenidos/masiva/denue/2024_11/denue_00_43_1124_shp.zip</Archivo>
    <Archivo>https://www.inegi.org.mx/contenidos/masiva/denue/2024_11/denue_00_46111_1124_csv.zip</Archivo>
    <Archivo>https://www.inegi.org.mx/contenidos/masiva/denue/2024_11/denue_00_46111_1124_shp.zip</Archivo>
    <Archivo>https://www.inegi.org.mx/contenidos/masiva/denue/2024_11/denue_00_46112-46311_1124_csv.zip</Archivo>
    <Archivo>https://www.inegi.org.mx/contenidos/masiva/denue/2024_11/denue_00_46112-46311_1124_shp.zip</Archivo>
    <Archivo>https://www.inegi.org.mx/contenidos/masiva/denue/2024_11/denue_00_46321-46531_1124_csv.zip</Archivo>
    <Archivo>https://www.inegi.org.mx/contenidos/masiva/denue/2024_11/denue_00_46321-46531_1124_shp.zip</Archivo>
    <Archivo>https://www.inegi.org.mx/contenidos/masiva/denue/2024_11/denue_00_46591-46911_1124_csv.zip</Archivo>
    <Archivo>https://www.inegi.org.mx/contenidos/masiva/denue/2024_11/denue_00_46591-46911_1124_shp.zip</Archivo>
    <Archivo>https://www.inegi.org.mx/contenidos/masiva/denue/2024_11/denue_00_55_1124_csv.zip</Archivo>
    <Archivo>https://www.inegi.org.mx/contenidos/masiva/denue/2024_11/denue_00_55_1124_shp.zip</Archivo>
    <Archivo>https://www.inegi.org.mx/contenidos/masiva/denue/2024_11/denue_00_51_1124_csv.zip</Archivo>
    <Archivo>https://www.inegi.org.mx/contenidos/masiva/denue/2024_11/denue_00_51_1124_shp.zip</Archivo>
    <Archivo>https://www.inegi.org.mx/contenidos/masiva/denue/2024_11/denue_00_21_1124_csv.zip</Archivo>
    <Archivo>https://www.inegi.org.mx/contenidos/masiva/denue/2024_11/denue_00_21_1124_shp.zip</Archivo>
    <Archivo>https://www.inegi.org.mx/contenidosm/masiva/denue/2024_11/denue_00_31-33_1124_csv.zip</Archivo>
    <Archivo>https://www.inegi.org.mx/contenidosm/masiva/denue/2024_11/denue_00_31-33_1124_shp.zip</Archivo>
    <Archivo>https://www.inegi.org.mx/contenidos/masiva/denue/2024_11/denue_00_22_1124_csv.zip</Archivo>
    <Archivo>https://www.inegi.org.mx/contenidos/masiva/denue/2024_11/denue_00_22_1124_shp.zip</Archivo>
    <Archivo>https://www.inegi.org.mx/contenidos/masiva/denue/2024_11/denue_00_81_1_1124_csv.zip</Archivo>
    <Archivo>https://www.inegi.org.mx/contenidos/masiva/denue/2024_11/denue_00_81_1_1124_shp.zip</Archivo>
    <Archivo>https://www.inegi.org.mx/contenidos/masiva/denue/2024_11/denue_00_81_2_1124_csv.zip</Archivo>
    <Archivo>https://www.inegi.org.mx/contenidos/masiva/denue/2024_11/denue_00_81_2_1124_shp.zip</Archivo>
    <Archivo>https://www.inegi.org.mx/contenidos/masiva/denue/2024_11/denue_00_72_1_1124_csv.zip</Archivo>
    <Archivo>https://www.inegi.org.mx/contenidos/masiva/denue/2024_11/denue_00_72_1_1124_shp.zip</Archivo>
    <Archivo>https://www.inegi.org.mx/contenidos/masiva/denue/2024_11/denue_00_72_2_1124_csv.zip</Archivo>
    <Archivo>https://www.inegi.org.mx/contenidos/masiva/denue/2024_11/denue_00_72_2_1124_shp.zip</Archivo>
    <Archivo>https://www.inegi.org.mx/contenidos/masiva/denue/2024_11/denue_00_56_1124_csv.zip</Archivo>
    <Archivo>https://www.inegi.org.mx/contenidos/masiva/denue/2024_11/denue_00_56_1124_shp.zip</Archivo>
    <Archivo>https://www.inegi.org.mx/contenidos/masiva/denue/2024_11/denue_00_71_1124_csv.zip</Archivo>
    <Archivo>https://www.inegi.org.mx/contenidos/masiva/denue/2024_11/denue_00_71_1124_shp.zip</Archivo>
    <Archivo>https://www.inegi.org.mx/contenidos/masiva/denue/2024_11/denue_00_62_1124_csv.zip</Archivo>
    <Archivo>https://www.inegi.org.mx/contenidos/masiva/denue/2024_11/denue_00_62_1124_shp.zip</Archivo>
    <Archivo>https://www.inegi.org.mx/contenidos/masiva/denue/2024_11/denue_00_61_1124_csv.zip</Archivo>
    <Archivo>https://www.inegi.org.mx/contenidos/masiva/denue/2024_11/denue_00_61_1124_shp.zip</Archivo>
    <Archivo>https://www.inegi.org.mx/contenidos/masiva/denue/2024_11/denue_00_52_1124_csv.zip</Archivo>
    <Archivo>https://www.inegi.org.mx/contenidos/masiva/denue/2024_11/denue_00_52_1124_shp.zip</Archivo>
    <Archivo>https://www.inegi.org.mx/contenidos/masiva/denue/2024_11/denue_00_53_1124_csv.zip</Archivo>
    <Archivo>https://www.inegi.org.mx/contenidos/masiva/denue/2024_11/denue_00_53_1124_shp.zip</Archivo>
    <Archivo>https://www.inegi.org.mx/contenidos/masiva/denue/2024_11/denue_00_54_1124_csv.zip</Archivo>
    <Archivo>https://www.inegi.org.mx/contenidos/masiva/denue/2024_11/denue_00_54_1124_shp.zip</Archivo>
    <Archivo>https://www.inegi.org.mx/contenidos/masiva/denue/2024_11/denue_00_48-49_1124_csv.zip</Archivo>
    <Archivo>https://www.inegi.org.mx/contenidos/masiva/denue/2024_11/denue_00_48-49_1124_shp.zip</Archivo>
    <Archivo>https://www.inegi.org.mx/contenidos/masiva/denue/denue_00_23_csv.zip</Archivo>
    <Archivo>https://www.inegi.org.mx/contenidos/masiva/denue/denue_00_23_shp.zip</Archivo>
    <Archivo>https://www.inegi.org.mx/contenidos/masiva/denue/denue_00_93_csv.zip</Archivo>
    <Archivo>https://www.inegi.org.mx/contenidos/masiva/denue/denue_00_93_shp.zip</Archivo>
    <Archivo>https://www.inegi.org.mx/contenidos/masiva/denue/denue_00_11_csv.zip</Archivo>
    <Archivo>https://www.inegi.org.mx/contenidos/masiva/denue/denue_00_11_shp.zip</Archivo>
    <Archivo>https://www.inegi.org.mx/contenidos/masiva/denue/denue_00_43_csv.zip</Archivo>
    <Archivo>https://www.inegi.org.mx/contenidos/masiva/denue/denue_00_43_shp.zip</Archivo>
    <Archivo>https://www.inegi.org.mx/contenidos/masiva/denue/denue_00_46111_csv.zip</Archivo>
    <Archivo>https://www.inegi.org.mx/contenidos/masiva/denue/denue_00_46111_shp.zip</Archivo>
    <Archivo>https://www.inegi.org.mx/contenidos/masiva/denue/denue_00_46112-46311_csv.zip</Archivo>
    <Archivo>https://www.inegi.org.mx/contenidos/masiva/denue/denue_00_46112-46311_shp.zip</Archivo>
    <Archivo>https://www.inegi.org.mx/contenidos/masiva/denue/denue_00_46321-46531_csv.zip</Archivo>
    <Archivo>https://www.inegi.org.mx/contenidos/masiva/denue/denue_00_46321-46531_shp.zip</Archivo>
    <Archivo>https://www.inegi.org.mx/contenidos/masiva/denue/denue_00_46591-46911_csv.zip</Archivo>
    <Archivo>https://www.inegi.org.mx/contenidos/masiva/denue/denue_00_46591-46911_shp.zip</Archivo>
    <Archivo>https://www.inegi.org.mx/contenidos/masiva/denue/denue_00_55_csv.zip</Archivo>
    <Archivo>https://www.inegi.org.mx/contenidos/masiva/denue/denue_00_55_shp.zip</Archivo>
    <Archivo>https://www.inegi.org.mx/contenidos/masiva/denue/denue_00_51_csv.zip</Archivo>
    <Archivo>https://www.inegi.org.mx/contenidos/masiva/denue/denue_00_51_shp.zip</Archivo>
    <Archivo>https://www.inegi.org.mx/contenidos/masiva/denue/denue_00_21_csv.zip</Archivo>
    <Archivo>https://www.inegi.org.mx/contenidos/masiva/denue/denue_00_21_shp.zip</Archivo>
    <Archivo>https://www.inegi.org.mx/contenidos/masiva/denue/denue_00_31-33_csv.zip</Archivo>
    <Archivo>https://www.inegi.org.mx/contenidos/masiva/denue/denue_00_31-33_shp.zip</Archivo>
    <Archivo>https://www.inegi.org.mx/contenidos/masiva/denue/denue_00_22_csv.zip</Archivo>
    <Archivo>https://www.inegi.org.mx/contenidos/masiva/denue/denue_00_22_shp.zip</Archivo>
    <Archivo>https://www.inegi.org.mx/contenidos/masiva/denue/denue_00_81_1_csv.zip</Archivo>
    <Archivo>https://www.inegi.org.mx/contenidos/masiva/denue/denue_00_81_1_shp.zip</Archivo>
    <Archivo>https://www.inegi.org.mx/contenidos/masiva/denue/denue_00_81_2_csv.zip</Archivo>
    <Archivo>https://www.inegi.org.mx/contenidos/masiva/denue/denue_00_81_2_shp.zip</Archivo>
    <Archivo>https://www.inegi.org.mx/contenidos/masiva/denue/denue_00_72_1_csv.zip</Archivo>
    <Archivo>https://www.inegi.org.mx/contenidos/masiva/denue/denue_00_72_1_shp.zip</Archivo>
    <Archivo>https://www.inegi.org.mx/contenidos/masiva/denue/denue_00_72_2_csv.zip</Archivo>
    <Archivo>https://www.inegi.org.mx/contenidos/masiva/denue/denue_00_72_2_shp.zip</Archivo>
    <Archivo>https://www.inegi.org.mx/contenidos/masiva/denue/denue_00_56_csv.zip</Archivo>
    <Archivo>https://www.inegi.org.mx/contenidos/masiva/denue/denue_00_56_shp.zip</Archivo>
    <Archivo>https://www.inegi.org.mx/contenidos/masiva/denue/denue_00_71_csv.zip</Archivo>
    <Archivo>https://www.inegi.org.mx/contenidos/masiva/denue/denue_00_71_shp.zip</Archivo>
    <Archivo>https://www.inegi.org.mx/contenidos/masiva/denue/denue_00_62_csv.zip</Archivo>
    <Archivo>https://www.inegi.org.mx/contenidos/masiva/denue/denue_00_62_shp.zip</Archivo>
    <Archivo>https://www.inegi.org.mx/contenidos/masiva/denue/denue_00_61_csv.zip</Archivo>
    <Archivo>https://www.inegi.org.mx/contenidos/masiva/denue/denue_00_61_shp.zip</Archivo>
    <Archivo>https://www.inegi.org.mx/contenidos/masiva/denue/denue_00_52_csv.zip</Archivo>
    <Archivo>https://www.inegi.org.mx/contenidos/masiva/denue/denue_00_52_shp.zip</Archivo>
    <Archivo>https://www.inegi.org.mx/contenidos/masiva/denue/denue_00_53_csv.zip</Archivo>
    <Archivo>https://www.inegi.org.mx/contenidos/masiva/denue/denue_00_53_shp.zip</Archivo>
    <Archivo>https://www.inegi.org.mx/contenidos/masiva/denue/denue_00_54_csv.zip</Archivo>
    <Archivo>https://www.inegi.org.mx/contenidos/masiva/denue/denue_00_54_shp.zip</Archivo>
    <Archivo>https://www.inegi.org.mx/contenidos/masiva/denue/denue_00_48-49_csv.zip</Archivo>
    <Archivo>https://www.inegi.org.mx/contenidos/masiva/denue/denue_00_48-49_shp.zip</Archivo>
  </Archivos>
</DescargaMasiva>